particle_id,final_phi,em_suppression,grav_mass,x_pos,y_pos
0,-0.9962415444302909,0.3692647012947272,1.0,0.009485621776686323,0.7704605812552704
1,1.0048107451017483,0.3661139170999309,1.0,1.1169568958775993,-1.4164564535633377
2,-0.9982579865476156,0.36852085061655726,1.0,0.18247001468061352,0.08326975604084011
3,0.9992440393125083,0.3681576487104365,1.0,1.047073277425385,-1.3180140888186274
4,-1.0103040195208863,0.36410826672214275,1.0,1.7924101006040476,0.7649942599950377
5,0.994574411102936,0.36988082822503926,1.0,0.4298695388850363,-1.392561048595807
6,-0.9956500090864612,0.36948319903496846,1.0,0.8261748918969676,1.0648588583383876
7,0.9902750551223061,0.3714745010044387,1.0,-0.9227214030234673,0.13909473183726082
8,-1.004796152627763,0.36611925964672226,1.0,-0.5702265843337235,-0.8341892853757296
9,1.0014399159893639,0.3673501068718604,1.0,-0.2537356762806995,-0.2046447315836899
10,-1.001180991902736,0.36744523497770243,1.0,-0.49917196416328585,0.005654603242592043
11,0.9966038879527496,0.3691309248601164,1.0,1.0040058610908211,-0.8655748635886088
12,-1.0035041948285672,0.3665925759661773,1.0,-0.775221499663713,0.577042785605658
13,-0.9953700226990115,0.36958666378477445,1.0,1.7859542005529336,-1.937848944843744
14,-1.00181917382363,0.36721081288174895,1.0,0.6484801739718167,-0.476065945000635
15,-0.9948173482171087,0.36979098135805366,1.0,0.049208493035572086,0.16350662030824656
16,1.0014839536878297,0.3673339299748219,1.0,-1.1858669265293256,-0.7697025429872094
17,-1.0015308131042873,0.36731671732450877,1.0,1.701036329533236,-1.273753229689149
18,-1.0061090695146735,0.3656388908992321,1.0,-2.3741751101858184,-1.258377594138771
19,-0.9958733696096915,0.3694006802903652,1.0,0.5254838610098147,-0.15514563431748202
20,0.9930352060580817,0.37045058903871003,1.0,-0.42325579060508567,-0.8895755544449528
21,1.000787613234905,0.36758980852894996,1.0,3.536794262209583,0.5159207241401325
22,1.0028729449926044,0.366824060524229,1.0,-2.080678678453984,1.0361169733689428
23,0.9946713661949399,0.36984496813374557,1.0,0.2929146077060291,-0.5155815798231513
24,-1.0031178625227533,0.36673422988232474,1.0,-0.19608731497365675,0.4514525354820597
25,0.9963798629702222,0.36921362867262264,1.0,-0.22222466274004138,-0.7204404046002351
26,1.0019555024103144,0.3671607549628537,1.0,0.8727648957071287,1.542381882403093
27,-1.0054855136785728,0.3658669582625357,1.0,-1.0660458012995064,-0.5784014370428411
28,-0.998605759787658,0.36839271120933503,1.0,-0.5267782238545664,2.364775094120755
29,-0.9954593317477248,0.3695536578253021,1.0,-2.693913864859005,0.36434170683937295
30,-1.007316226848222,0.3651977735332516,1.0,1.6891108558477324,0.5179370029708207
31,0.995222299268625,0.36964126442737166,1.0,1.7701140201073855,1.550376634165634
32,-1.0040902937704586,0.36637777939746785,1.0,0.7160416974632794,0.5194135084086045
33,-1.002664294282425,0.36690060661038815,1.0,-0.8591297562165362,0.7293683068552027
34,1.002886950680883,0.366818922936762,1.0,-1.1590052458043594,-0.20311973754737933
35,-1.002538238305692,0.36694685953988626,1.0,-0.8058348484550577,0.7558601392124681
36,1.0011706231338375,0.36744904495217906,1.0,0.2936442314248299,0.230128844354384
37,1.0031843788978814,0.3667098368619942,1.0,0.706780215832379,0.9646943088814873
38,1.0022651106283598,0.36704709657146745,1.0,-0.21889471211485984,-2.671392231354721
39,1.0003864616996132,0.3677372973256997,1.0,-0.5825417301611536,-0.4984819714874186
40,0.9971113982550565,0.36894363464272717,1.0,-0.28254429991207,0.8188917327190173
41,1.0029724653001173,0.36678755589742845,1.0,-0.6842278471602257,-0.7517462878959741
42,-0.9929514271220575,0.37048162629502523,1.0,2.2024700923222436,1.011366321189756
43,-1.0075004938154306,0.3651304858467307,1.0,1.4253557974181605,-0.32571153134650566
44,1.0049029686339084,0.3660801543382075,1.0,-0.27974528050789443,-0.93287972146874
45,-1.000353813869548,0.3677493033464756,1.0,0.8235678087371494,0.3237276068793274
46,-1.0061577316780272,0.36562109855270525,1.0,-0.9600785942048743,0.9270683548573744
47,1.003459555600227,0.3666089407411364,1.0,-0.7221652829397928,-1.4685886080994621
48,0.9909609850373553,0.3712197829008924,1.0,-0.38485612610808906,0.7675406670552192
49,-1.002318645510613,0.36702744727433717,1.0,-0.12788369144489287,-0.36784543671015146
50,-0.9997792886669655,0.3679606452943047,1.0,1.0871987563106773,0.6925783816038981
51,0.9923861050219559,0.3706911269581493,1.0,1.9952885552835462,-2.0759632988800023
52,-1.0047596002385655,0.36613264242497834,1.0,-0.6242947156519787,1.5643762833796693
53,1.0010816337018114,0.36748174548896745,1.0,-2.397849655303007,-2.330721127342095
54,-1.0002462685693896,0.36778885518245596,1.0,1.041825781809982,0.6007734610527343
55,-1.0048091842780857,0.36611448853964185,1.0,0.2686526526962822,-0.6995463686437247
56,-1.0097625086052158,0.3643054887171709,1.0,0.185736083415422,1.2109067006440744
57,0.9888926378656916,0.3719883888869179,1.0,-0.4643165623959827,-1.1822616074567058
58,0.9981299206384564,0.36856804859649717,1.0,-1.1752364765158474,2.251925824361567
59,-1.0014194448675564,0.3673576270176169,1.0,0.7929913706225848,1.9153930065068254
60,-0.9994687102856715,0.3680749436642827,1.0,-0.08996142492718213,-0.5698576665326293
61,1.0024356902076608,0.3669844911719038,1.0,1.303901990657147,0.5192965468817236
62,1.008615447521982,0.36472360912466545,1.0,0.3299764207835374,-1.28745752513118
63,0.9898751184141032,0.37162309700606894,1.0,2.115463656977999,0.08063183731587502
64,-1.0004272777383607,0.3677222880522348,1.0,0.5767507972822351,0.3524854650076932
65,0.9971853291434045,0.3689163593203245,1.0,-1.4555696119330708,-0.8140712171294842
66,-0.9961746788595571,0.3692893932152416,1.0,0.19111513803412294,-0.31305488050362384
67,0.9750643021852838,0.37716810005033574,1.0,0.4108324241372349,-0.011405088209325433
68,0.9932253612319527,0.37038015263967583,1.0,0.9978231593909247,0.62242947277449
69,1.0058551938512688,0.3657317294994577,1.0,-0.02977865330690464,-0.1870327877991793
70,1.0005508501448435,0.3676768505316525,1.0,-1.1738510688638788,0.48183825737586206
71,-1.00222813337315,0.3670606692165694,1.0,-1.7859859680326842,0.6273178397887818
72,-0.9959200860632179,0.36938342360374055,1.0,-1.0482635206531303,0.19764786087229233
73,1.0008747186573848,0.3675577908578554,1.0,-0.7984989120713527,-2.374984782480734
74,0.9896049928789773,0.37172349545349453,1.0,-0.47642863023723353,-1.930053378598062
75,-1.0042014851089203,0.36633704362656844,1.0,-0.5166828430078969,-1.191415498558595
76,1.0031377960298262,0.36672691965581894,1.0,0.5187765265506923,0.18358699774225565
77,0.9997656273296643,0.3679656721631304,1.0,0.5650763294119311,0.002053752663156822
78,1.0064607757198527,0.3655103160440606,1.0,-0.6354003680364416,1.7504575566126743
79,1.0034254943705858,0.36662142810512177,1.0,-0.29033632423537636,-0.053621697124762946
80,-1.0053771478418592,0.3659066078898874,1.0,-0.334371783865893,0.25269466499501564
81,-1.0056270019276126,0.3658151960491884,1.0,0.34055652988474583,0.35552052648975674
82,-1.008695851263038,0.3646942851609344,1.0,-1.134487679274101,1.874809671465784
83,-1.002624388596053,0.3669152483230671,1.0,0.6923832424461964,-0.4652456959670143
84,-0.9958688450024366,0.36940235168714447,1.0,-0.7470662104182904,0.9416443152747003
85,-1.0056402040614283,0.3658103665398983,1.0,-1.3288952640607588,1.035591040837763
86,-1.0042003575845215,0.3663374566807562,1.0,-0.4998640993341092,-1.0518435417469247
87,-0.9958020147205974,0.3694270397753665,1.0,-1.699291644737374,0.8639744290312754
88,-1.0046046141199716,0.3661893922997261,1.0,-0.5925468391423587,0.5403743139008149
89,0.9944554601571592,0.36992482851626757,1.0,-0.18216729091896633,1.0540295367931132
90,0.9921660811421698,0.3707726968314359,1.0,0.965203913744371,0.5702284128143037
91,-1.0049078590283473,0.36607836406623406,1.0,2.9584484370975273,-3.3679097496034776
92,-0.993429433785489,0.37030457592797605,1.0,-1.436078615527044,-1.2123861910440377
93,-0.9975282872083264,0.36878985817314824,1.0,-0.3286029353052776,-0.07980772184111784
94,1.00641941883544,0.36552543272454013,1.0,2.487209590170414,0.4082137021342721
95,0.9996411288866099,0.3680114861682392,1.0,-1.7289350229251434,-0.6832731455867623
96,0.994271751776684,0.36999279305004795,1.0,0.5421386079312234,-0.5362465589353481
97,-1.001563876948884,0.3673045726224258,1.0,0.5936005492928426,0.8454728639207151
98,-0.9951459066443109,0.36966950337222587,1.0,-0.016055645163902954,0.31141373959426
99,0.9996777796896182,0.3679979984989233,1.0,-0.19611959388861527,1.632303327462279
100,-1.0054538842980476,0.36587853059079195,1.0,-0.004453910339381948,0.5861399727386276
101,1.005797940021067,0.3657526696412438,1.0,-0.4610616005778656,-0.03306483493721097
102,0.9919837502080993,0.3708403063270409,1.0,-0.42077405953437796,-0.6686683229143192
103,-0.993115988840436,0.3704206642181241,1.0,1.6497994190317233,2.119215659464792
104,-1.0066712388436132,0.36543339769570116,1.0,-0.7752617040784483,-1.4510277329117862
105,1.0069758113531837,0.36532211367657086,1.0,-1.70350063811407,1.3673099917323128
106,-0.9968399543268621,0.3690437957456435,1.0,0.6732278140919097,1.262096178694646
107,0.9997613552444481,0.3679672441471964,1.0,1.0547071389902365,-4.331325056797652
108,-1.0051854173512051,0.3659767700692512,1.0,-1.6299683685411916,-1.8462260600699087
109,-1.0043482636922314,0.3662832771402714,1.0,0.3413232597839755,-0.6659590570852978
110,-1.0016043787743893,0.3672896964179768,1.0,0.31428270932030195,0.12873341333521318
111,0.996905289791878,0.36901968488529296,1.0,1.1294995479373457,0.939068728858467
112,-0.9971528109341041,0.3689283560147657,1.0,-0.7621301193852961,-0.0003116639967495026
113,-1.0057962305728654,0.3657532948770216,1.0,-0.9375295659941285,0.4492234259546163
114,-0.9936086617008426,0.3702382129580126,1.0,1.3883622930361195,0.3619256184204999
115,-0.9907301864651604,0.3713054697845813,1.0,0.19633282605198532,2.103168157029475
116,-1.0011772238331236,0.3674466195395351,1.0,-0.0639697732957126,-2.646177468646882
117,-0.998555443897067,0.36841124768302247,1.0,1.7998183597750612,-0.02016488462021583
118,1.002189634934312,0.3670748007513123,1.0,0.02121057527430149,1.6049295532183427
119,-1.0016688137511816,0.3672660308773646,1.0,-0.1960293505018761,-0.9444073154203408
120,0.9951231659775276,0.3696779099988078,1.0,-2.7639440257482986,-0.06905593547452099
121,1.0049122062389633,0.36607677264994265,1.0,0.9466843024959877,0.010299611604537318
122,0.9923391966220739,0.3707085158936057,1.0,0.9664016815341829,-1.2962100397116596
123,-0.9992375445610885,0.36816003981061296,1.0,0.8222069941192187,-0.7660175527010016
124,0.9947514280869468,0.36981535883115174,1.0,-1.6962754387803378,0.8827209416721808
125,0.9903094743603823,0.3714617153551868,1.0,0.7257582379465164,-0.49343085715410395
126,1.0039084670663783,0.36644440271830986,1.0,0.15122797138131489,-0.32940446931191514
127,-0.99779109485923,0.3686929501114925,1.0,-0.25708969593327274,0.1891247445633584
128,0.9903758274608578,0.3714370685363705,1.0,0.47187617381525154,-0.21549740161338615
129,-1.0025246609660545,0.36695184173584955,1.0,1.7479823710518134,-1.3184211576282203
130,-0.999280907619828,0.36814407561131185,1.0,-0.1289946409879066,-0.9119351431836923
131,-0.9939244625966953,0.3701213098587049,1.0,0.21994453962378227,0.8187420369517774
132,1.0026954151724292,0.366889188514639,1.0,2.8732504562066215,-0.23159612236539728
133,0.9961633946622824,0.36929356037311756,1.0,0.8304697101002098,2.576108985658776
134,1.0002096091753439,0.36780233834616455,1.0,1.199267678554113,0.8796014394827013
135,-1.008376057086994,0.3648109309196884,1.0,0.4293292228737772,2.2160734829078517
136,1.0090071839134143,0.36458076159527136,1.0,-0.026931975904882857,1.3060137720446838
137,1.0017158037788054,0.3672487734418952,1.0,1.0853722087393467,-0.3900629753159989
138,0.9907535027296129,0.3712968124289841,1.0,-1.6207603164606423,-0.14361057144000994
139,-0.9976094097525288,0.36875994221502295,1.0,0.4949490322226447,-0.2716801662679804
140,0.9982350576794288,0.36852930047943766,1.0,-0.3242419208572926,0.12466183720681785
141,-1.0019805871493892,0.3671515449466329,1.0,-0.14150813839631832,-0.44231963243167627
142,1.0013596765495556,0.36737958402124854,1.0,0.4095700592583803,-0.5886366498825906
143,1.001626974773219,0.36728139723419095,1.0,0.8360821912871724,-0.9114056609668004
144,-0.9978951892167658,0.36865457325316453,1.0,1.9460130060458427,-0.4859585602385396
145,1.0067042097924723,0.3654213492084604,1.0,0.04690945394777711,2.5157068477341187
146,-1.0023630124286989,0.36701116375887605,1.0,0.255570924967377,-2.9718026347791513
147,1.0063210945636705,0.36556137451347215,1.0,-0.6657366381573605,-1.34082685040644
148,-1.005939735866501,0.3657008111089814,1.0,-0.9933303200380025,1.5696705590507898
149,1.0036120500974264,0.3665530391574996,1.0,-0.09862055059203143,1.933339316046412
150,1.0029785480001665,0.3667853248455296,1.0,0.6017233171932405,-1.181440178805122
151,-1.0037893676740455,0.3664880486230461,1.0,-0.9812876027662655,-0.5810167763330657
152,1.001733517210703,0.3672422682633721,1.0,-0.05055006841545627,0.3220097822025271
153,-0.9934218841935207,0.37030737158698135,1.0,1.3529005328739165,1.5555629761634069
154,0.9990181063067627,0.36824083707174227,1.0,1.474513567961024,0.2001180164573226
155,1.0046141022019632,0.3661859178812303,1.0,0.44370888518299373,-0.3034902380311225
156,-0.9990452674518412,0.36823083536477225,1.0,0.1314532539297794,0.3333962542469216
157,1.002716544941546,0.3668814363126956,1.0,0.22943567026233988,0.22852656791261272
158,1.0011232004993762,0.36746647076710676,1.0,3.8649461181843408,1.121950831897844
159,1.0019997351353154,0.36714451480132426,1.0,-3.5869333375620887,-0.7892454576828376
160,-1.0012194248972097,0.3674311132283894,1.0,2.395730296556041,-1.8657608322879582
161,-1.0032742111425865,0.36667689597379255,1.0,1.6254157789718766,-0.32139413587114407
162,-0.9961810549880635,0.36928703858612116,1.0,0.0651146725637633,2.8236701651879743
163,0.9989942432030415,0.36824962454587945,1.0,-1.0790506584284016,0.0031748520286509086
164,-0.9943953095331424,0.36994708039476765,1.0,-0.6176587757198848,-0.07981837321658687
165,1.0002381542400536,0.3677918395544611,1.0,-0.06568579000436549,0.4013612232764666
166,-0.999534233503363,0.3680508269997316,1.0,-1.290513191325655,0.7701545593269163
167,-0.9956873695762437,0.36946939521954636,1.0,-0.3592754975847034,-0.5950521763371602
168,0.9983806267031017,0.36847565793341325,1.0,1.4029439940170845,-0.3800685970435682
169,0.9989026354415115,0.36828336061488764,1.0,2.3486721966697552,0.0865281083663547
170,0.9969110928436603,0.36901754345116633,1.0,0.17776464894023314,-1.8835002817178843
171,0.9915428590511645,0.3710038425869318,1.0,-1.8851296932424604,-0.5929065496627226
172,-0.9982373796444787,0.3685284447682755,1.0,-0.9476816019679594,-0.7861452036848052
173,-0.9943051820611561,0.36998042429247036,1.0,-0.7051379040101434,0.3566102073347238
174,0.9964077954376072,0.3692033157690148,1.0,0.39347581811053794,-0.22369202778675543
175,0.9939153615792883,0.37012467835451696,1.0,0.42832739814159304,1.347020231605856
176,-0.9994060744947046,0.3680979990515529,1.0,1.1242166021152962,-0.13338588253748118
177,-0.9997850564068872,0.3679585229991217,1.0,-0.27693170692454233,-0.015161888307218103
178,0.9771948795291938,0.3763653696847448,1.0,1.5313457255816938,-0.7740062217630516
179,1.0001548956598874,0.3678224626556194,1.0,0.016152069081445418,-0.5861989038632809
180,0.9981632043749024,0.36855578147885415,1.0,-1.9757692327516263,-1.4033443215112045
181,1.0053784363831373,0.36590613640442293,1.0,-0.036818381172934726,1.3382463743965682
182,-0.9988046026135866,0.36831946624394596,1.0,-1.3291627052304118,-0.30980196951099664
183,-1.0058366487893133,0.36573851207993185,1.0,-0.30216258891568687,-0.0638965269633507
184,-0.9931791503861762,0.37039726861525696,1.0,-0.11351891533611157,-1.413897852130508
185,1.0031609009923428,0.3667184465419724,1.0,-0.20393650401048288,-0.4725934588762776
186,-1.0007079680769764,0.36761908644320973,1.0,0.20238679636002613,-1.2565180648631429
187,1.0054965922916417,0.36586290498652274,1.0,0.6057687368751814,1.4028294430127335
188,1.007862560541347,0.3649983081771999,1.0,0.5551953789775146,0.6132256637310874
189,-0.9892980312449875,0.3718376178197492,1.0,1.1843045740039555,-0.41083867753857384
190,-1.0026316313610188,0.3669125908517849,1.0,2.1397076134078445,2.70559248017467
191,0.9957926345813221,0.3694305050687041,1.0,0.2998073562406415,1.9912482879599271
192,-0.9996147608946822,0.3680211900200708,1.0,-0.7100510850772481,-1.8384993753311056
193,-1.0020565067591793,0.3671236720026716,1.0,0.4475058244641187,0.47550024398416046
194,-1.0070441743105394,0.36529714003013836,1.0,1.358145165027373,2.1194287729686088
195,0.9973804788667536,0.3688443724192046,1.0,-2.508684975744032,1.4897891027579169
196,-1.002343260078733,0.36701841316342015,1.0,0.0027332070732544404,-0.3690965736594421
197,-1.0004553764543607,0.3677119556732599,1.0,1.0796747113184677,1.5216368248402459
198,0.9939548439598799,0.370110065239582,1.0,-1.5654060873441964,-0.19580801020944333
199,-1.0009881998700003,0.36751608232065497,1.0,-0.6266891329562144,1.6432258592044422
200,0.9909805948766404,0.3712125034119853,1.0,-1.5213837280788713,-0.164189217593558
201,0.9959964611815166,0.36935521297837387,1.0,0.015030226796599655,-1.0797150995388902
202,-0.9936394582085304,0.3702268110896107,1.0,-0.17903814874232454,2.7309016881643116
203,1.0098412497856433,0.36427680400230206,1.0,2.465784091333606,-0.0018095363533827617
204,1.002970181825822,0.3667883934483404,1.0,-0.3761789083092806,-0.7116128794055729
205,0.9915573394996976,0.37099847032378014,1.0,-0.3383574623463353,0.18388540778790818
206,1.0035726611032356,0.3665674775973855,1.0,0.9281425517366824,1.5001612374797793
207,-0.9943559201817169,0.36996165265732023,1.0,0.5622827060593066,-0.2833500516370673
208,-1.003166786692617,0.3667162881534628,1.0,-1.2654032853897585,0.32515359354379963
209,0.9995940102359028,0.3680288267814421,1.0,0.04238405930865673,-0.47189326172844615
210,1.0050171815970785,0.3660383456266166,1.0,-0.934732916910419,-0.9120540460162989
211,0.9944215356839775,0.3699373782340619,1.0,-0.33814823065594773,1.224513311753794
212,0.9980224415220438,0.3686076640935794,1.0,-0.17829306649317594,-0.8626618266602474
213,0.9912484122837717,0.3711130995534628,1.0,-0.46436505452765914,0.3510216208741548
214,-1.0068522786283305,0.365367245700306,1.0,1.7192443085197575,-2.622166409470424
215,-1.000604443668593,0.3676571459616548,1.0,0.47690366527862077,-0.36235005811972815
216,1.0019187407445023,0.36717425265192427,1.0,0.4364181120856699,1.565255139348313
217,-0.9937118633227483,0.37020000574550094,1.0,0.7383586270708082,1.4564773459425482
218,-1.0006306091031307,0.36764752617852325,1.0,0.4784575338350997,1.4312701829147845
219,-1.004638303367597,0.36617705586241495,1.0,-1.432672582565591,-0.2614171341892956
220,-0.9997263697762304,0.3679801178787171,1.0,-1.071886216369489,0.010461751988960218
221,-1.0038164384795163,0.3664781276306597,1.0,3.836594598272247,2.34372099610055
222,-1.0021819188160128,0.3670776331548271,1.0,1.1457365951814853,-0.16405247265502854
223,-0.9904103914677244,0.371424230404853,1.0,0.03360779479487616,2.0521325245589455
224,-1.0034165055135007,0.3666247236275548,1.0,-0.5782641997158386,0.9393898998505212
225,-1.0030919165513563,0.36674374528160614,1.0,0.4512125967942475,0.18379016386499097
226,0.9989706106813904,0.3682583273159384,1.0,0.23015009801318093,2.127089355840717
227,-0.995421858580789,0.3695675064306874,1.0,-0.9383434912509734,-0.1954856916663487
228,0.9897721046710101,0.3716613812641799,1.0,-0.29180303579817896,-0.0881728780998158
229,-0.99416100444363,0.3700337710341868,1.0,-0.815777826962283,-0.5641895620540376
230,-1.0058531432790623,0.3657324794595462,1.0,0.15174872807116782,-1.9359760414596396
231,0.9944396733130239,0.36993066850797457,1.0,-0.3357056311338121,0.8569907486767886
232,0.9981300496373929,0.3685680010516139,1.0,-1.4839319462899319,-1.0361734366774873
233,1.0004467788397502,0.3677151171325329,1.0,0.14920466110591746,-1.8525637974912263
234,0.9964650820083167,0.3691821659829649,1.0,0.825273774637918,-0.09928834334260875
235,1.0067025833975392,0.36542194352837454,1.0,0.009537527011577148,-0.3612660621827552
236,1.0039666870252772,0.3664230689612761,1.0,0.046273518032818345,1.4699478610005416
237,-1.002329096023435,0.36702361166933545,1.0,-0.12846446308985443,-0.21210728073662227
238,1.0027525612348676,0.3668682228412227,1.0,1.202592531600872,1.3016319801953362
239,-0.998649389409735,0.36837663872518983,1.0,0.8588683723679624,0.44857857863945
240,0.9933219957277992,0.370344362869645,1.0,-0.9543168195729876,-0.5581135941555506
241,-1.0090781370439965,0.3645548943665774,1.0,-0.3828010935123925,0.5453296189399099
242,-0.990734459608705,0.37130388314639995,1.0,1.2360981797028225,-0.952724636307437
243,-1.0086140995261206,0.3647241007709125,1.0,-1.1761959238334665,0.44448575606138674
244,-0.9929046385482547,0.37049896100746976,1.0,-0.23600163775794789,-2.8258068197530046
245,0.9966274490277327,0.3691222278411731,1.0,-1.0646167030718885,-0.8666668793671227
246,1.0058379203122734,0.36573804703531204,1.0,0.31414038673280587,-1.1279658233318386
247,0.9940000961126986,0.37009331734129214,1.0,0.1357726861164339,3.8178961571861065
248,1.002662295165992,0.3669013400881533,1.0,0.8086695529277098,0.7787521085316494
249,-0.9953158568520966,0.36960668330160895,1.0,-1.128364055429289,-0.0554911073484291
250,-0.997331808722007,0.3688623245650624,1.0,0.45105437213468663,0.8818959128593088
251,-0.99966751055538,0.368001777539173,1.0,0.5564761720204461,-0.3402282092814993
252,1.0027348069157416,0.36687473639454987,1.0,-0.843288991725838,-0.7935810655973089
253,-0.9976244029890639,0.3687544133514325,1.0,-0.38973776552684,0.11728422718021655
254,-1.0047183515209779,0.366147745238429,1.0,-0.8419243642647013,-1.3673626153938687
255,-1.0021212697377548,0.36709989675005356,1.0,1.1367392909902545,0.7205552958601992
256,1.0051047179400436,0.3660063053708193,1.0,-0.4063247932613224,-0.1597464990659978
257,-1.006357428413001,0.3655480925028643,1.0,0.02026073778257102,-0.44362246370483477
258,0.9996472759713911,0.3680092239773862,1.0,0.4104582543914759,-1.8587905747068751
259,0.9995731635996701,0.3680364990244871,1.0,-0.19094767790989559,1.0348160298303026
260,-1.005940851636406,0.3657004030712498,1.0,-1.426831209361096,0.034651007149933334
261,-1.0016997575031703,0.3672546664642209,1.0,0.4708876661740104,0.14963435495761415
262,0.9930880719557328,0.3704310053534442,1.0,-2.5747397104347844,-3.465367699122715
263,0.9963015095125796,0.3692425589704176,1.0,-0.9036607723531686,-1.2725983979824023
264,-0.9984331321838604,0.3684563114497482,1.0,0.7983555841293727,0.8984878776511426
265,1.0049298281267456,0.36607032174297405,1.0,0.05433768057917215,-1.5754262859119352
266,0.9890584039142026,0.3719267309521374,1.0,0.5863760537160502,0.4203052435663633
267,1.0017197160139948,0.36724733668113096,1.0,-0.43178977813535047,0.3930839177855327
268,1.0048734343738894,0.3660909664043359,1.0,1.4256133333774903,-0.1538783622775225
269,0.9941826252700088,0.3700257706847564,1.0,-0.36755343822000475,-2.45313084077454
270,-1.0109665715559266,0.36386710594865357,1.0,-0.11025061659002154,1.0005010299954877
271,-1.0106110661028167,0.36399648568526394,1.0,0.3855528746148035,-0.009544224821863422
272,-0.999309411525362,0.3681335822169098,1.0,0.5751116315620753,-1.9175293080303166
273,0.9961979649780275,0.3692807939988029,1.0,0.0013112877828975397,1.208224886429436
274,0.9938132668624045,0.370162468057797,1.0,1.2015774056370205,1.1436348143351347
275,-1.0037069013627276,0.3665182727867787,1.0,1.3826422411452532,-0.749780385353496
276,0.9955186281018146,0.36953174529042565,1.0,-0.16606199527559098,-0.18300748159674673
277,0.9968391008839713,0.3690441107035818,1.0,-0.9108643834933099,2.4095719714351618
278,0.9989595358271405,0.36826240574582364,1.0,-0.7550139573621377,0.6465291661745701
279,0.9928475469449453,0.3705201139910013,1.0,-0.882078795425539,0.4743957448793658
280,0.9948944329988447,0.36976247719960026,1.0,-0.03694221873019415,-0.21974902192700627
281,0.9901594050261396,0.3715174645505245,1.0,1.2431020794074126,1.1515972694771426
282,-0.9983842962860886,0.36847430578388873,1.0,0.12422735450457739,-0.5571423981481737
283,1.0002326754434074,0.3677938546166782,1.0,-1.11849320060443,0.22819710258019837
284,-1.0011596992451866,0.3674530589465552,1.0,-1.144210604173234,-0.3841686783771136
285,1.0048084036501468,0.366114774338952,1.0,-0.3902665659483573,0.9859093025471278
286,-1.0033573642547762,0.36664640691637185,1.0,-0.2708176598527511,0.7217043240122197
287,0.9950389683105313,0.36970903732677557,1.0,-0.16152053172902286,1.9033898242616638
288,-0.9999384935506478,0.3679020688255247,1.0,0.2619757955769049,0.5936861540660987
289,-1.0028833457536726,0.3668202452946621,1.0,-0.13332360536932364,1.696407204964869
290,0.9959344547261516,0.3693781160959645,1.0,0.9199600536341399,0.6552354329951285
291,0.9951413782072341,0.36967117740110145,1.0,-1.4725945494430266,-0.05399981954780304
292,-1.000763292124284,0.3675987488300649,1.0,0.15345135039239924,-0.3788203041058346
293,0.9954659959504037,0.3695511950530318,1.0,-1.4833958900045021,1.019734525286321
294,-1.001450306401753,0.36734628997258845,1.0,-1.5280443999115498,-1.7319293829239228
295,-1.0026272187631315,0.3669142098930802,1.0,-0.5595449824829769,-0.29088852205078186
296,-0.9927814755517583,0.3705445955798939,1.0,-0.5143634894081505,0.22986820148726844
297,0.9973260933336282,0.3688644327625302,1.0,-0.10386503659046023,0.09266410451614975
298,0.9973394701179338,0.368859498575577,1.0,0.773238469359339,-2.812624349791757
299,-0.9923487932273128,0.3707049583673901,1.0,-1.3286678064340192,-0.9037102448896513
300,0.9973563238485685,0.3688532819693326,1.0,1.5003902598193521,-0.33476069425428906
301,-1.000589790322308,0.36766253340860067,1.0,-0.21175068486357185,-1.648202779175396
302,-0.9970811520701467,0.36895479394888425,1.0,0.005159500600697073,-0.06503789587790715
303,1.004317947021038,0.36629438179827545,1.0,-0.7615019758675736,0.8293649810018148
304,0.9980964493033799,0.3685803852676115,1.0,0.7442593704090651,0.20997476289461153
305,0.9952526727006816,0.3696300373240449,1.0,-0.8062508257115566,-0.7852489885112133
306,-0.9968350311071795,0.36904561263379493,1.0,-0.19140230028445596,1.1597744190271881
307,-0.9965536114261054,0.3691494839474346,1.0,0.16512983694358918,0.34596136544296974
308,-1.0005347035573726,0.36768278730600984,1.0,0.13809044257494613,0.06426593673624194
309,-0.9984225695842885,0.3684602033267799,1.0,-0.8383305296568345,-0.43681297776962924
310,-1.0017939954047552,0.36722005878580916,1.0,-1.3717563639865245,0.8451409397831084
311,-1.0008343003099043,0.36757264723659855,1.0,-0.38004224175492535,-1.190878892189187
312,-0.9955061900771925,0.36953634156395637,1.0,-0.32111153651992624,0.03632061284058567
313,-1.0100853838399928,0.36418788248406253,1.0,0.24670377864398607,-0.8439023023434059
314,0.9944141435586153,0.36994011286764533,1.0,-0.053636493030858476,-0.16888913619263643
315,0.9901433173793771,0.37152344144033717,1.0,-0.34259556307993544,0.06542018685814985
316,1.0043048048345657,0.3662991957389775,1.0,1.991561815581068,-0.20039392884166302
317,0.993681888176303,0.370211102711203,1.0,0.6390729068214754,-1.3096077559791754
318,-0.9997815433249585,0.36795981566982994,1.0,-0.9806115176222416,-0.185504784324647
319,0.9941573345634659,0.370035129016275,1.0,-0.33336564424954657,0.1317970266475337
320,-1.0012248617932464,0.3674291155490567,1.0,-1.6097477697928808,-0.7590708910203625
321,1.000396643140363,0.36773355324925555,1.0,0.28219806431396655,-2.111503500552303
322,0.9953902126802832,0.36957920191228216,1.0,1.254292813709773,-0.11575465287187578
323,-1.0095088458804868,0.36439791116164155,1.0,1.6848189653844716,0.20059304497988897
324,-1.0011402371139169,0.3674602104358152,1.0,0.5581688013487598,-0.37722326378315263
325,1.0013228275253059,0.3673931218498753,1.0,0.7719366206861682,-0.9858037185384525
326,-0.9909629561962333,0.37121905116844284,1.0,-0.6058358869405851,0.08214939267296903
327,-1.0007331884708746,0.36760981506195956,1.0,-0.29968685540498474,-1.5167765856913156
328,-1.0041253798037773,0.36636492488000105,1.0,0.8816017001871752,0.8457670210069742
329,0.9982148751645725,0.3685367384025773,1.0,-0.14117337655209572,-0.9282388929782472
330,0.9996596342229843,0.36800467605490994,1.0,-1.3848571979819506,-0.3980693200232532
331,0.9944677262081686,0.36992029102727997,1.0,-0.8662454755692909,-1.897664669465102
332,0.9991198059901016,0.3682033889994804,1.0,1.3412774869939899,1.661933209507516
333,-0.997782742699328,0.36869602950682634,1.0,1.322622580003404,1.0037914832213692
334,-0.9921442441850977,0.3707807934673027,1.0,-1.0824705453709476,-2.1718904880189194
335,-1.0037661287318536,0.3664965655165835,1.0,0.03855311529854406,-0.7120364583017816
336,-0.9962722818151266,0.36925335123793374,1.0,2.118697633825216,0.3495243498344701
337,0.9917810540598869,0.3709154818473721,1.0,-0.6586612603609757,-0.27410307911806003
338,-1.0082871523241166,0.3648433657907828,1.0,-0.41319234543790057,0.44831175946935853
339,-0.9989212954845522,0.36827648849564465,1.0,0.28979630234752946,0.6185307138862262
340,-0.9998955884977401,0.3679178540218824,1.0,-0.693004226162169,-1.0217417253873562
341,0.997728070068306,0.3687161876398509,1.0,1.120607128636958,2.3885151546223655
342,0.9999946049832799,0.36788142589253225,1.0,-0.4488281236564014,-1.2529877083569456
343,1.0098713861470772,0.36426582619029113,1.0,-1.67480083786539,-0.72733548969684
344,-0.996617678236328,0.369125834475084,1.0,0.7914431378786844,0.21810536702795386
345,-0.999484448292848,0.3680691509437609,1.0,0.7486526289797886,1.117947916159994
346,1.0035655797985175,0.3665700733825849,1.0,0.5302143227708818,-0.23015412960253703
347,0.9943962610652541,0.3699467283784085,1.0,0.23739476012530772,2.0173493303345023
348,-0.9987752405617478,0.36833028101797827,1.0,-1.3387877597703681,0.900665117368886
349,-0.9990365308436946,0.3682340524673416,1.0,-0.06575416289840622,-1.4808892262130844
350,-0.9957006318679954,0.3694644952411262,1.0,0.9227226973249567,0.31722119508367846
351,0.998308594840068,0.36850220087749413,1.0,0.6219244861797445,-0.6467248744120208
352,1.0045754743844646,0.36620006311723485,1.0,1.5618029397165734,-0.7084796237430939
353,-1.003399813936457,0.3666308432234481,1.0,0.8145444837647675,-2.002660909905104
354,0.9961387608472306,0.3693026575944328,1.0,-0.7271713621387369,-0.028265500243270788
355,0.9949939759102786,0.3697256717979696,1.0,0.34714461658141355,2.4951131634769403
356,-1.0003643073217763,0.3677454444069758,1.0,0.2127968478996988,-0.5495606117278234
357,-1.0008702550569823,0.3675594314926201,1.0,0.7243383640406644,0.37193253181914676
358,0.9959096701194801,0.36938727110073616,1.0,0.6203256375299142,0.9585531645551852
359,0.9951496461688775,0.3696681209866212,1.0,-1.3195679944824985,1.5788866908902564
360,1.0006850001425727,0.36762752999123777,1.0,0.33655410084570864,-0.726674352986562
361,1.001546181766821,0.3673110722012163,1.0,-0.9707592571497295,0.20639200858974197
362,0.9957091834578758,0.36946133574579687,1.0,1.9754066547719242,0.3692561133168022
363,-0.9988499014281144,0.3683027821866445,1.0,0.7853315145037433,-0.455742862574117
364,1.0040923263921067,0.36637703469081895,1.0,-0.3234690465260353,0.6087826179374665
365,0.9953541971080295,0.3695925127584295,1.0,-1.335257626181843,-0.6467565132172608
366,-0.9942138683851395,0.3700142101075967,1.0,0.00875774164976449,-0.10372105859397497
367,-0.989710160594275,0.37168440419836024,1.0,0.18978196740540879,-0.22287111844236843
368,1.007717591607953,0.365051225428213,1.0,-0.4383838604810345,0.680646055987893
369,1.001824162361352,0.36720898104132604,1.0,-0.08930513244671179,-0.42111627955642916
370,-1.0027828799004654,0.36685710005487077,1.0,0.1681953019326616,0.18092696681330256
371,0.9963626802174986,0.36921997283361124,1.0,0.38999735012315845,0.5285829459674515
372,1.0028454347953961,0.3668341520652843,1.0,-0.1669599655550349,1.2948889027527397
373,0.9975007933368847,0.36879999777348565,1.0,0.6700144522849287,0.6687578988285913
374,-0.9959064274478091,0.3693884689043178,1.0,2.045868221143662,-1.0818418795885059
375,1.0124031002288665,0.3633447756788474,1.0,0.6800333527387925,-0.4419577591934245
376,-0.9893485376102443,0.3718188381274584,1.0,-1.4828393862936498,0.6036155150122857
377,-1.0114029185089057,0.3637083682805511,1.0,-0.014366524882838443,-0.2047125102524042
378,0.9941407915896964,0.37004125054834214,1.0,-0.9632914027444689,1.2185391535634253
379,0.9926602626186144,0.37058951309942195,1.0,-2.0256087756011447,1.2000381259455875
380,-0.9974370633145296,0.36882350215454773,1.0,-0.21918493370755157,-1.1523984130887992
381,1.0004471800797192,0.3677149695905603,1.0,0.8727644373592339,-0.3222988301548973
382,0.9955794684133291,0.3695092635478327,1.0,-1.226580506519934,-2.270829023476986
383,-0.9921078163940824,0.37079430043857264,1.0,1.8060201016965527,-0.4077334373368605
384,-1.0066217989910529,0.36545146511562543,1.0,0.13432642780047685,0.7303854874253697
385,0.9977271242465419,0.3687165363798109,1.0,-0.5258366920603219,-0.2598092550070336
386,1.0037506489936114,0.36650223883139493,1.0,1.2712275302770957,-1.635833941735969
387,-0.9985812815568414,0.3684017289215195,1.0,-3.3704188760674003,-0.20301935940580657
388,-0.9941341896299087,0.3700436935538623,1.0,0.830556709708993,0.6206140688718991
389,-1.0005503929040471,0.36767701864854685,1.0,-0.9995368009360179,1.6013212605580067
390,-1.0033401135504572,0.3666527318796821,1.0,-0.3343757541566187,-1.825754349701969
391,-1.0024012103663382,0.3669971449570762,1.0,1.7392597751324415,-0.0998909371499675
392,1.0078509960564093,0.36500252921904414,1.0,0.3467072664410326,1.1013259643014457
393,1.0055884248556457,0.3658293084005378,1.0,-0.7531895188299704,-1.265295053413708
394,0.9928762293003698,0.3705094867538077,1.0,1.1351092033602104,-0.07753367803516299
395,0.9993187948553555,0.36813012791423266,1.0,0.6955027946385764,-0.10889554755937483
396,-1.001359406483176,0.36737968323813613,1.0,1.2390221503224075,-1.1238361372473247
397,-0.9963190399513651,0.36923608604307734,1.0,0.07514084288850884,0.9884842765122784
398,1.0039529218341776,0.3664281128795588,1.0,0.22158612430419025,1.1494093045166947
399,-1.0004348933254754,0.3677194876417795,1.0,0.563617276685809,-1.0426779672170714
400,0.9999363248029597,0.3679028667131511,1.0,0.4009920260441617,-1.8178198697339047
401,1.0048897197359907,0.3660850045289318,1.0,-0.006150458745516721,-2.4707188988018918
402,0.9982597245402509,0.3685202101305895,1.0,0.3201323802400459,-0.5984655719438398
403,-1.00702618978725,0.3653037097841376,1.0,0.2161114042311861,-0.52154379050891
404,0.9951295670984744,0.36967554365336813,1.0,2.06753169740385,-3.7325124276292403
405,-1.009747759269075,0.3643108620209082,1.0,0.5704582158836885,0.5314725040070821
406,0.9922868019557849,0.3707279395514301,1.0,0.6792397314866649,-1.7052231429832074
407,-1.0006619832982753,0.3676359917142357,1.0,1.6160599560062403,-0.12349928774380747
408,-0.9976376861463022,0.36874951516110943,1.0,-1.0519086035518501,-0.6525414395204708
409,-0.9947023948723179,0.36983349251158704,1.0,-1.4962448051135357,-0.1662801478478656
410,-0.997542321582651,0.3687846824745505,1.0,-0.5660106505560063,-1.0273427871696472
411,-0.9992129325605235,0.3681691010772283,1.0,-0.10888788124494175,0.5985959529527234
412,-1.001301906983187,0.36740080799355407,1.0,-1.3492594143567287,0.04145313232771423
413,-1.0078774680945477,0.3649928669860601,1.0,0.07942334278808609,0.7745404595675749
414,-0.9942108895767626,0.370015312310667,1.0,-1.5939953634546111,-1.1468782021771056
415,1.0006854561085603,0.3676273623656262,1.0,1.1839748490611024,1.7978071304860501
416,0.9965491169426355,0.36915114308741664,1.0,-0.21724231311884923,-1.8212982471289958
417,1.0058064249683818,0.36574956626227767,1.0,-1.5651466166777248,-0.22225174091402738
418,1.0018079680204732,0.3672149277968905,1.0,0.16475251987765546,-1.3032595224340915
419,0.9988612439135134,0.36829860474140647,1.0,0.864474150453943,0.990544472174705
420,0.9955792335253499,0.3695093503411271,1.0,-1.2234349440571914,-0.41785969305297666
421,0.9932252535628744,0.3703801925181677,1.0,-1.7344962339013217,3.0338733124819495
422,1.0025333657228628,0.3669486475232093,1.0,-1.2080914985850066,1.1831422614577798
423,0.9932314783181517,0.3703778869992853,1.0,1.1287331271558088,-1.3780386736210564
424,0.9968093527431199,0.3690550892430622,1.0,0.665080104181239,0.6037407610215516
425,-0.9911293246300238,0.3711572971734069,1.0,-0.842107314006808,0.08205446975718239
426,0.9981305499869141,0.3685678166388372,1.0,0.3904730175092183,0.7663710886730536
427,0.9963560754146491,0.36922241146679324,1.0,-1.2138913552789439,2.228429643551877
428,0.9967179778704136,0.36908881314559855,1.0,-0.8552557548478833,0.4176023886174224
429,0.9962045068788266,0.36927837820838355,1.0,0.4435920650027793,0.5370576191151074
430,1.0015850632537797,0.36729679087819406,1.0,0.06597199992119601,-0.09748226515462773
431,-1.0124056951635756,0.36334383282410093,1.0,-1.538724257461131,-1.5592504472303308
432,-0.9950088989085185,0.3697201544235881,1.0,0.4345330715281919,0.8989598121240717
433,0.9927211777789179,0.37056693926737594,1.0,-0.9961165645120262,-0.5977202645992793
434,-0.9964868535188863,0.3691741284170314,1.0,1.6167087290104667,-0.004291055907608238
435,1.0025390167563528,0.36694657388997215,1.0,0.06347664338487516,1.0712794743707954
436,1.0139996602628933,0.36276513676871025,1.0,1.7888837782871478,0.9596335849699351
437,-1.0012029579998285,0.36743716372864194,1.0,1.3279931035720316,-0.2754055378128821
438,0.990373119952349,0.37143807420675545,1.0,1.9065519925607721,-1.7101292596013262
439,1.005635566961546,0.3658120628430389,1.0,-0.3294723067395386,-0.5135881335327513
440,-1.0002288426605648,0.3677952642933553,1.0,1.3843595725237676,-0.8799410774491119
441,1.0040447832758073,0.366394453810865,1.0,-0.829029796097054,0.48735618142177023
442,-0.9991257654870243,0.36820119469905527,1.0,-0.0693347525009244,-0.7720275734393827
443,1.0082484500702407,0.3648574863245971,1.0,-0.6815645611766429,0.9801898214101458
444,1.0061811390299673,0.3656125404311366,1.0,0.40688532689840184,-0.5538205928447472
445,-0.9969033995767795,0.3690203824125322,1.0,0.20318239049276787,0.8009650456705996
446,-1.0053482705140893,0.3659171744475028,1.0,0.26935202740866065,0.9394413940766797
447,-0.9935507188189341,0.3702596662485908,1.0,-0.013162673750603,-0.755050660143391
448,-1.0025032235954552,0.3669597083027919,1.0,-1.0475664559011604,1.4419208527120684
449,-1.0044447840399335,0.3662479250571295,1.0,0.11194071495873227,-0.04952265554986208
450,-0.9996165222128223,0.3680205418182437,1.0,-1.308785657825056,0.8250415900386439
451,0.9985159803357918,0.36842578678975046,1.0,-2.916744950259586,-2.712471292114466
452,1.0057886303162669,0.3657560747064781,1.0,0.6439988550913746,-0.04307369613709614
453,0.9916164679790364,0.37097653439691824,1.0,-0.08643410066633472,0.9787288378433018
454,1.0087901554525835,0.36465989458355363,1.0,1.1640388667710584,1.0734450037954137
455,-0.9934294449444462,0.37030457179576315,1.0,-0.5002838267153362,-0.9085126642714059
456,-1.003669913112762,0.366531829906995,1.0,-0.8100137055896933,-0.6193421316920844
457,-1.0027117951000373,0.3668831789455092,1.0,-0.6309453874527445,-1.0961916568602825
458,-0.9850243443553385,0.37343013591008106,1.0,-0.2610257000966444,0.23324684800444426
459,-0.9936572716028447,0.3702202161521783,1.0,0.9015677630303921,-0.2541875524681851
460,0.9953952485141743,0.36957734077749793,1.0,-0.9739129029862947,0.6588319428987088
461,1.0035782079281823,0.36656544431739524,1.0,1.4526914090079515,-0.8011389534178298
462,1.008753890365881,0.36467311924604295,1.0,-1.1007898343328009,0.322445805864822
463,1.0032570468690443,0.36668318977035075,1.0,-3.9377768730673925,-2.225147035188279
464,1.0020772170705903,0.36711606883583037,1.0,-0.32333622869427475,0.1888293610684014
465,-0.998370585774759,0.36847935778966556,1.0,-0.11024849528596417,0.9854617363930683
466,-0.994042853286445,0.37007749353531316,1.0,-0.5755285535913864,-0.7087536500425573
467,-0.9941961493970145,0.3700207664430773,1.0,-0.5227615038105884,-0.09964045286605051
468,-0.9984501107234399,0.36845005565278827,1.0,-0.011478805695119018,0.9891240125682698
469,-1.0034003082603153,0.36663066198911987,1.0,-1.5730569210515288,-2.243213700084486
470,-1.0013847032538117,0.36737038983610004,1.0,-2.3087529184735964,-0.768074189591378
471,1.0026161682132344,0.36691826451926746,1.0,1.0180991874202099,1.360936643568514
472,-1.0028178923062003,0.3668442557300936,1.0,-2.1641662300058035,1.179069360527289
473,-1.006608311230656,0.3654563942706651,1.0,0.9506964027385313,1.1036794403233923
474,-0.9978448344723001,0.36867313722738493,1.0,0.27138161034087704,-2.227969710776357
475,-0.9921824646101804,0.3707666223385788,1.0,-0.025116694591869257,-1.311488956035004
476,-1.0014349480896811,0.36735193183487297,1.0,0.2584302573171873,-0.8319545354357697
477,0.7491092273841611,0.47278751139221903,1.0,-1.8342036982166037,4.687347126646911
478,-0.9961364133553353,0.36930352453044596,1.0,-0.5385954032284058,0.7840745082718507
479,-0.9981745322913932,0.36855160653338614,1.0,0.21122859809704278,0.7098850036493705
480,1.0083888540104755,0.36480626249199105,1.0,-0.5775899846907693,-0.01263608681611882
481,-1.0005706463368012,0.3676695720021848,1.0,0.0945384449364358,-0.969670480821229
482,1.0030834590045759,0.366746847047105,1.0,-1.2231940505976768,0.5796806953093151
483,-0.9947681794243018,0.36980916398120306,1.0,-1.092427917451925,-0.5842191003406572
484,-0.9996054131462073,0.36802463020566745,1.0,-0.9614560676003794,-0.20235090699055763
485,0.995064197912982,0.3696997098324064,1.0,0.2269016886606398,-1.201682356412548
486,-1.0096492054499213,0.3643467680170269,1.0,-0.23091924410710263,0.04805642551466189
487,-1.004078385777961,0.3663821422472926,1.0,-0.09479427699621522,0.7321653150799166
488,1.003231891514599,0.3666924139319766,1.0,-0.08513732586414993,-0.22437034087496713
489,1.00842160449315,0.36479431510645416,1.0,0.5853480765729809,-0.7614136236275754
490,1.0013052836053409,0.3673995674219409,1.0,-4.2197126250665065,3.1917184567375685
491,1.0044781986252127,0.3662356872390663,1.0,0.1350481267713726,-0.5634189107471447
492,1.0153718738641944,0.36226768689575617,1.0,-0.3447486308634883,1.9136425791497158
493,-1.0046504097663291,0.36617262280380436,1.0,-2.527494280093416,0.7309148971980604
494,1.0023507156879634,0.36701567682775177,1.0,-0.31042366262313603,0.7745938790161556
495,-1.0031695187675465,0.36671528625845434,1.0,0.35723356652550825,0.5554952991892043
496,1.0074219928891248,0.3651591500531608,1.0,0.5288838249665037,0.28456024224334264
497,0.9976006840791855,0.3687631599078591,1.0,-1.2474822114965731,-2.089883356802096
498,0.987357013835494,0.37256006202100767,1.0,0.5430074450015674,1.1959199407728338
499,-0.9831193420060903,0.3741421992220691,1.0,0.5175588440940609,-0.9238611637651036
500,1.0044470795332923,0.3662470843384148,1.0,-1.3515482329252304,0.26244659945677845
501,-0.9995406944770407,0.3680484490407082,1.0,1.2639221349583452,0.5428520318751032
502,1.000652166497029,0.3676396007414119,1.0,2.3557248246524494,1.9867746434197888
503,-1.002213470062282,0.3670660515807311,1.0,0.17367590428628418,-0.043315624978506766
504,1.007923337053209,0.3649761255272922,1.0,-0.4562985400523213,-1.424776390836544
505,1.0021145858891485,0.36710235039838673,1.0,-0.4653854955199124,-1.8154737719429157
506,1.004969314544147,0.36605586722283195,1.0,1.194187713317175,0.07564727380463188
507,-0.9997249001832474,0.3679806586601136,1.0,0.5531956265166897,-0.12560230711521225
508,1.0066533700966798,0.36543992759094596,1.0,-0.00920884270115134,-0.8250934533097866
509,1.0107764070485727,0.363936307137195,1.0,1.3409006690771248,-0.48291820379877765
510,0.9929942326713481,0.37046576796492425,1.0,2.1428274808303063,0.23946418647969178
511,1.0040046422128128,0.3664091615689068,1.0,0.9335207632768558,-0.6025875760055149
512,1.0049723267754904,0.36605476457953595,1.0,0.4855465561137773,0.9213123492725809
513,-1.0005662228201175,0.3676711983982678,1.0,1.1888473547089555,-0.6703402509137995
514,-1.005215125084663,0.36596589789040895,1.0,-0.16863887959432988,-0.24619821808562617
515,-1.0002147224731057,0.36780045766809927,1.0,-0.054868116769794674,0.23796399076335206
516,0.9966520924910635,0.3691131315031698,1.0,-1.4324823845145986,-2.7589220602922935
517,1.0018863653748575,0.3671861402465095,1.0,-2.5351218016428794,0.31250364158522553
518,1.0017659813086244,0.3672303462679337,1.0,-0.7753874077429607,1.3423804824569134
519,1.0016662105050298,0.3672669869624906,1.0,-0.12392478998588637,0.3303525357856017
520,1.0066333286976392,0.3654472515917515,1.0,-2.0728166566667983,-0.3104516003073363
521,0.9961119286577571,0.3693125669262584,1.0,0.71391068908217,-0.15381348729678684
522,-1.0051488622395728,0.365990148635462,1.0,3.0714111129288932,0.9199596748337497
523,-1.0021115157199758,0.3671034774664363,1.0,-0.7222345611443548,-0.7144293389194131
524,-1.005696313615016,0.3657898416593603,1.0,-1.7905710846280363,-1.0374966741758542
525,1.0007775872902915,0.36759349398248575,1.0,-1.4737338624055802,2.774569402451547
526,1.0061767216501503,0.3656141554841607,1.0,0.20884707261145807,0.172144318068079
527,0.9900474487969864,0.37155906057334365,1.0,0.47676232913360883,0.9923216303796204
528,0.9962783017506271,0.3692511283632667,1.0,0.4226141307467399,-1.9996055250906448
529,-1.009569951882193,0.36437564494256713,1.0,-0.5885054723226567,2.3408077107796657
530,-1.0012249830522049,0.36742907099498756,1.0,0.7291775973355724,0.27974615502848527
531,-1.004430696350021,0.36625308468067236,1.0,-0.7397156961830729,0.7200040756441758
532,-0.9966939031832277,0.3690976989502799,1.0,-0.28273994007910896,-1.5037071764213306
533,0.9991661301426882,0.36818633268456824,1.0,-0.9402779572183123,-2.054702469087237
534,0.9943206839792077,0.36997468893070695,1.0,0.7975222214611227,-0.831170480849855
535,-1.0046027539110152,0.366190073489147,1.0,-1.6845952257097525,2.530108568369052
536,1.0035693226443396,0.36656870136988484,1.0,-0.5590461942913424,-0.7156211851084497
537,0.9957567925273233,0.3694437464541134,1.0,2.3194399746201646,-0.7441250064528764
538,-1.010135568647262,0.36416960624396894,1.0,-0.3643184964692561,-0.8061934873100584
539,-0.9970139495218481,0.36897958948439685,1.0,-0.15825752731458836,1.5805040544738391
540,0.9966691452577148,0.36910683715673853,1.0,-0.37699384524434787,-0.5604480203311509
541,0.997480851103779,0.36880735254234565,1.0,0.7458586538108706,-0.15597580858754195
542,1.006044714368801,0.3656624224005711,1.0,0.9435294082228487,-0.32974521316022987
543,-0.9960547004196982,0.3693337026385306,1.0,0.3389414858069864,0.503328487025073
544,-0.9974492146518799,0.36881902048297954,1.0,0.44297052249351426,-1.8622152815047377
545,0.997041906217977,0.3689692741783275,1.0,-0.22248763060963878,-0.11028218542530634
546,-0.9971480454686792,0.3689301141342797,1.0,-0.17745595716764814,0.1455252911353743
547,1.0015078002769202,0.36732517041797796,1.0,-0.03364792192811947,0.756540768881338
548,1.0074524473103643,0.3651480295119213,1.0,1.0769406978189413,-1.892511946756307
549,1.0034719158547003,0.3666044093893411,1.0,-0.4374962230358597,-1.1192110092356384
550,-0.9955401685980461,0.36952378547898823,1.0,-0.8462554486721717,-2.1940570157067905
551,0.9991034832098044,0.3682093991515548,1.0,0.00706678843642447,-1.6409356483792845
552,-1.0005541543081913,0.3676756356692862,1.0,0.5416016864308258,0.04381551473477667
553,0.9938724892684225,0.3701405467949424,1.0,0.5946546512656807,-0.4452383857553291
554,1.0091400338244023,0.364532330290664,1.0,0.8609314130553021,-0.43310636967798316
555,-1.0088482687690117,0.36463870360345607,1.0,0.004423650315718924,0.1719526933801415
556,1.0041379725191122,0.36636031137984165,1.0,-0.18698581107798018,-1.2461829406016058
557,-1.0038802535651177,0.36645474154377444,1.0,0.568626972905221,-0.870546107886408
558,0.9914478021663038,0.37103911073269297,1.0,-0.8938376171695303,-1.0661581049389728
559,1.0054941032588927,0.3658638156324082,1.0,-0.12980772852841277,-1.3210647038899608
560,-1.007984391578071,0.3649538427636009,1.0,-0.056208609131820464,-1.3480684970034786
561,0.9907167615318595,0.3713104545692075,1.0,0.20893806891818967,-0.025432008141509102
562,0.9969227689008848,0.36901323480636616,1.0,-0.47630396405366615,0.31740151233650876
563,-1.0038958767263244,0.3664490164069948,1.0,0.4664012495567955,-0.7298693486529874
564,-1.008429847416503,0.3647913081472682,1.0,-0.9270670714824557,-0.4281834357220415
565,1.0043749307025356,0.3662735095905819,1.0,-1.3393364701707215,0.866487131309792
566,0.9930233484792633,0.370454981711811,1.0,0.8308589241179551,-0.16266418385286105
567,-1.002587483853922,0.36692878948555546,1.0,0.8959082785705637,-0.4963130728718125
568,-1.0015833343606402,0.3672974258956449,1.0,0.266474851599726,-0.9792766739884042
569,0.9895633255767552,0.3717389844914136,1.0,-0.4232827262155095,-0.5514218991052724
570,1.002645903304326,0.3669073543334573,1.0,-1.544220160358436,0.21581151519997976
571,0.9987612675819384,0.3683354277255155,1.0,0.07740946763801076,2.6549847701214944
572,1.005260366273775,0.36594934153253145,1.0,-0.5756681056658246,-0.16752741448523464
573,0.9888609715539118,0.3720001685737275,1.0,-1.7119205544570284,1.5005870851004097
574,1.0047101499179125,0.36615074824921345,1.0,-0.30817852256990036,-0.8753357130175384
575,-0.9940609063248794,0.3700708125724047,1.0,-1.5449844883450627,-0.36881826598145506
576,-1.0017177308784377,0.3672480657176008,1.0,-0.36156634252407566,-0.6618715444278181
577,-0.9973869664392481,0.3688419795223614,1.0,3.6558859616699886,2.566432781226056
578,-0.9897110103432425,0.37168408836005573,1.0,0.35325994679154477,0.26094718204040307
579,-0.9965302145647521,0.36915812098776857,1.0,-0.6093051890849245,-0.16018931244487863
580,-1.0058056451640895,0.36574985147547057,1.0,0.15508601156135,0.9171461883210149
581,-0.9921114562266072,0.37079295081187413,1.0,1.1267747924028908,-1.0805773397206686
582,-0.9991583652796492,0.36818919161211394,1.0,0.7727311094979722,0.27672285933776863
583,-1.0072441422849594,0.3652240996041015,1.0,0.4218461042695054,-0.17392008376259857
584,-1.00069702818605,0.36762310817791644,1.0,-0.4582027864998616,0.5668810702459699
585,-1.0003948965696352,0.36773419552247616,1.0,-0.23490138705484753,-0.08313489206728164
586,-0.9937984979022901,0.3701679350128941,1.0,1.6446457451118213,-1.013671287654754
587,1.0019122582275812,0.36717663287294494,1.0,-0.029198415748597037,0.5755442134980356
588,-0.9923875088644555,0.37069060656655634,1.0,0.3670564857755224,0.9722527000566032
589,1.001736751353624,0.3672410805513105,1.0,0.4787729338254717,-0.14331748395697994
590,0.999556576709953,0.36804260365593655,1.0,-0.3737154802741238,-0.23996598882130774
591,0.9945280783425251,0.3698979662218563,1.0,0.45202619665329824,-1.4188787235589297
592,0.9995840196363546,0.3680325036284396,1.0,0.7304842421022628,-0.27182039399684516
593,1.0027920456859494,0.3668537375367985,1.0,0.27970849606439335,0.5092637713621087
594,0.9925236463715222,0.3706401451064119,1.0,-0.7850756529219127,-0.11234955424455378
595,-1.0051683044884845,0.36598303303306484,1.0,-0.24640560577956452,1.6869211747594839
596,1.000568115090119,0.36767050266574697,1.0,0.11525804634224399,1.7909848412365783
597,-0.9900881445461757,0.371543940006679,1.0,-0.5860605380381181,1.331396501304496
598,-0.9931080007566893,0.3704236231812296,1.0,-0.013184253764291295,-0.9174566794123853
599,-1.0055140823724527,0.36585650607070774,1.0,-0.8041605195847132,-0.30630168326087626
600,-0.9994456341597904,0.3680834375060185,1.0,2.8078777052021255,-0.4627696046377172
601,1.0045180554999302,0.36622109052005464,1.0,-0.5259923516550482,-0.280035305819306
602,-1.0025925527611153,0.3669269295622889,1.0,0.7759869432904597,0.4987560991978636
603,-1.0029983578735209,0.36677805894666465,1.0,0.43413030006481523,0.1070935728276256
604,1.0048121668114394,0.36611339659259695,1.0,0.2776461034133105,0.41099168225293864
605,0.9960553272817325,0.369333471117327,1.0,-0.7423048268666403,0.47021066127745076
606,0.9977344831870509,0.36871382302673866,1.0,1.3144813439606313,-0.5998377678855316
607,-0.9945370763223952,0.36989463790237637,1.0,-0.2883245979218637,0.2737151419499019
608,0.9995022469511647,0.3680625998650067,1.0,0.7899335817183946,0.272785066489555
609,0.9972694424853207,0.3688853298374696,1.0,-0.24068435307882002,-0.9364893665114393
610,-1.0005633189210204,0.36767226607987913,1.0,0.23263537752382626,0.9383511915958481
611,-1.003704251963464,0.366519243841307,1.0,-0.17893700830543388,0.880896940630524
612,0.9964464808760239,0.3691890332531438,1.0,-0.61449791482513,0.7495796253978781
613,-1.000832472898007,0.367573318943841,1.0,1.0967727110010477,0.31441257546112644
614,1.0005904249721618,0.36766230007170164,1.0,-1.621723902556582,-0.9552426448324651
615,-0.9986625716312939,0.3683717827347275,1.0,1.1988868316627312,0.4132055999065934
616,0.9993309012896934,0.3681256711979888,1.0,0.3952859189067723,-0.7772050267943833
617,-0.9923342012076167,0.3707103677409108,1.0,0.39183722168381707,0.357774992323487
618,1.00659373339302,0.36546172187347625,1.0,-0.44537927521808524,-2.1478745028234623
619,-0.9992760699485953,0.36814585657562376,1.0,-0.02071152684403686,0.3335496374347081
620,-1.00123394281735,0.36742577893155204,1.0,0.28933044784515066,0.32015203643912704
621,-1.0031318468396253,0.3667291013905056,1.0,-1.2415622199876983,0.14065956736869992
622,1.001933457365451,0.36716884912738673,1.0,-0.4704852847004421,-1.220936130183462
623,1.01072339518993,0.3639556005886503,1.0,-0.8590297516391713,1.3380272769966675
624,0.9992305610818736,0.3681626108575761,1.0,0.45969442735903926,-0.13917125335202588
625,0.9928060760288736,0.37053548011817294,1.0,-0.5890548120795817,0.40670715092462795
626,-0.9976823930103466,0.3687330298951737,1.0,-3.9592267965412145,-1.2813789524392982
627,0.9943781618646533,0.36995342417905114,1.0,1.149051666178834,0.19785200580149728
628,-0.9970196129930442,0.36897749978503736,1.0,0.3885430033079677,0.6671126408434612
629,-0.9909148293595429,0.3712369171970091,1.0,0.4372096099857244,1.643427340861016
630,-0.9938256072555471,0.3701579001355995,1.0,0.3079559755163871,-1.391183506861413
631,-0.9976981459711008,0.36872722130397634,1.0,0.6479383144818145,-1.14145725915909
632,1.0016258531103925,0.3672818092003121,1.0,-0.4414001586612053,-1.2888570245565494
633,-0.9952985636757921,0.36961307503041313,1.0,-1.3077950891027799,-1.5343390940548902
634,0.9955370551515694,0.36952493597330716,1.0,-0.1598079288146445,0.7902644273104079
635,0.9987721889278571,0.3683314050288618,1.0,-0.22380238730889349,0.7691806340419987
636,-0.996385387200622,0.36921158905710477,1.0,0.10664301466291398,-1.3301416999268907
637,1.0085037999898412,0.3647643318887935,1.0,0.145837873299055,0.2846734068145131
638,-1.0006711919416715,0.36763260630107597,1.0,-0.9858537093603424,-0.9378579682264538
639,-0.9908364352930785,0.3712660211093419,1.0,1.3079162045458725,-0.9673609085907254
640,0.9990579510827677,0.36822616489038007,1.0,0.5928565159723007,-0.5235138492137164
641,1.005976192025324,0.36568747930514456,1.0,1.2317514381770238,-1.0196996522092212
642,-1.0031179395079914,0.3667342016492038,1.0,-0.17001633912079311,0.8927795540583721
643,-0.9908103219431191,0.37127571623546474,1.0,-0.08734470938063996,-0.4903178590928025
644,-0.9978603975978768,0.3686673995657016,1.0,1.2366569867629003,-0.01959000176766739
645,0.9982948777962757,0.3685072556729895,1.0,-1.728392099164151,-0.06931985693569645
646,0.9985893868604325,0.36839874292576436,1.0,1.1161471246234602,-0.05463968660330097
647,-0.998132890455035,0.3685669540186215,1.0,1.1365286660635312,-0.22625344317425256
648,-0.9972998409743221,0.3688741164512636,1.0,0.31304021864813203,0.5515793195753386
649,-1.0001113782832498,0.3678384696725517,1.0,0.5456362561531526,-0.3857079849570872
650,1.0069212443833895,0.36534204874120607,1.0,-0.36083211071109,-0.16518161562327335
651,0.9914438898460586,0.37104056235935723,1.0,-0.5254568826356554,0.580957849466966
652,1.0025632243306706,0.36693769111102975,1.0,-2.457948724267749,-0.039307797565979276
653,-1.008619416244859,0.3647221616406065,1.0,-1.6089372337671757,-1.750265475266509
654,-0.997308081899144,0.3688710765999268,1.0,-0.09211092189544208,-0.12792115085802153
655,-0.9944725882577722,0.36991849246084796,1.0,0.15009340674171656,-1.594907688932092
656,-0.9964295749914813,0.3691952747730734,1.0,-1.7695163546365427,-1.0431361530669734
657,0.9980005323495819,0.3686157400709315,1.0,-1.2098545998419337,-1.6024995658881613
658,1.0009255903187957,0.367539093057968,1.0,0.38585528248597456,0.19825735163786307
659,1.002707148526025,0.36688488369931466,1.0,-0.8378777701790079,-0.43643062722617865
660,-1.0095700121762303,0.36437562297288906,1.0,-0.6043948594955663,0.5663720294770714
661,-1.0037510937233456,0.36650207583698796,1.0,1.4126859659872328,1.525953504243391
662,0.987104740714463,0.37265406076680524,1.0,-0.09798118729383995,-0.023015939101390506
663,-1.0112992577287163,0.36374607252796054,1.0,0.8644959691629672,1.268912014082702
664,-1.0095060782405487,0.36439891968524946,1.0,3.854482591778378,1.272627929980081
665,-0.9971635918408003,0.3689243786540217,1.0,-0.6151055485392923,-1.1319981942250328
666,0.9930903882679689,0.3704301473205676,1.0,0.32766783123839394,0.3892949840931946
667,-0.9980297222523146,0.36860498037037115,1.0,1.2216021029280393,-0.02481065760015248
668,-0.9997247031539238,0.367980731163101,1.0,1.201484030732952,0.3508326396386081
669,1.0005342504488781,0.3676829539062418,1.0,0.5297395000018759,-1.4082489718081395
670,-1.0068771428316268,0.3653581612477704,1.0,1.110111272444537,0.46476732120964964
671,0.9947044742569975,0.36983272348628826,1.0,-0.5852705072712114,1.458397998421888
672,0.9961031969100776,0.3693157916844865,1.0,1.0065040334333533,-0.1150876650445859
673,0.9982385711944681,0.36852800564847266,1.0,-0.27521197516936313,-1.6545249097530283
674,1.0020300114701297,0.3671333991793399,1.0,-2.917520058905152,-1.1251838499483704
675,-0.9996142767350228,0.3680213682011279,1.0,-0.2740401199782228,0.055535034033503385
676,-0.99436700180426,0.3699575529046461,1.0,0.17602176055994784,0.0769979359809663
677,-0.991265995563124,0.3711065742255305,1.0,0.581812756062555,1.6701803858978734
678,1.0018984986815744,0.36718168509147564,1.0,-0.7004425782245092,-0.03835968495658952
679,-1.0001351936167833,0.3678297095810227,1.0,0.3932469698253853,-0.4939882446873766
680,-1.0045640548648755,0.36620424496990645,1.0,-0.36015945461905885,0.927475332892272
681,-0.9990710797095042,0.36822133061824036,1.0,0.3659237047373495,-0.46290731921508915
682,0.9995274294758202,0.3680533312362151,1.0,2.085144794526949,0.306749635828884
683,-0.9932759928800445,0.37036140015686575,1.0,-0.09113332984669265,0.5884861503221016
684,-1.000425985999106,0.3677227630538559,1.0,0.6132837772345889,0.2962623001305061
685,-1.003299036584432,0.3666677931708265,1.0,1.2512823780667024,0.5509004385817814
686,-1.0090313490900744,0.3645719515432092,1.0,-1.5232954513544525,-0.6099502386579448
687,-1.0093312042419933,0.36446264915355514,1.0,1.1621471342906449,-1.1662821090357125
688,-1.0077102760248855,0.3650538960005449,1.0,0.3626049597758865,-0.8294368621413809
689,-0.995267461593187,0.36962457094557716,1.0,-0.45844720982575227,-0.38674152105596976
690,0.9960525168600175,0.3693345091015929,1.0,0.29113248435847877,0.13897555873117187
691,1.0008070137450855,0.3675826771683035,1.0,0.02482250202389072,1.2991278342463854
692,-0.9944422702054173,0.3699297078390828,1.0,-0.13425138691012659,-0.006829850900506779
693,-0.9991327180597149,0.3681986347623834,1.0,0.5337447158313585,-0.01785323129098644
694,0.9994726202945172,0.3680735044908107,1.0,0.03181546364744881,0.6692374430479973
695,1.0059389776742684,0.36570108838060095,1.0,-1.4115795612085051,-0.5283827198757308
696,-0.9984543655849867,0.36844848795214974,1.0,-0.1781507981140788,-1.3832013252109316
697,-0.9943449498541589,0.369965711280096,1.0,0.7504556977279446,-0.6486603735349747
698,-1.0033298157032968,0.36665650763291696,1.0,-0.3589432514878043,-0.794279579201791
699,1.0005124393587652,0.3676909735597408,1.0,-1.2047859698362025,-1.0445762941063506
700,-0.9906104251110388,0.37134994049331843,1.0,-1.864368965412725,1.3792012128592992
701,-1.0051401652014917,0.36599333167956344,1.0,0.37919902975842346,-0.060470751691214346
702,-1.0047580547853592,0.3661332082662817,1.0,-1.8121796497653833,-0.5735499247652509
703,-0.9944246261055615,0.3699362349733701,1.0,0.43531741764295767,-1.0014936701756219
704,-1.0043067564999513,0.3662984808462141,1.0,1.1648909479203593,-0.15400913630154692
705,-0.9990176900933879,0.3682409903385357,1.0,-2.5207276228828253,-3.149136016052072
706,-1.0007183867068374,0.36761525637597026,1.0,0.6618014007001527,0.44377938431339253
707,-1.0031813946920807,0.3667109312012494,1.0,-1.7958569971615337,-0.6843000786144262
708,0.9909978971113865,0.3712060806616747,1.0,-1.0407974728538318,-0.2745451089500062
709,-1.003948608550602,0.36642969339132836,1.0,-0.15315540116626628,0.9214489318363184
710,-0.9964975113549629,0.3691701938406541,1.0,2.2152720866162237,-1.2400046404866518
711,0.9935270263514033,0.37026843871763165,1.0,-0.7660625520318421,-0.0070510188363516035
712,0.9939618446744336,0.37010747421373136,1.0,-1.7268485025996267,0.7783910118753342
713,0.989976022109512,0.37158560075406877,1.0,-1.8834247135309063,-0.1353838229048284
714,-1.0035547535554357,0.3665740419807883,1.0,0.7049175192186455,0.07071561582576999
715,-0.9953416395385926,0.36959715397121295,1.0,-1.1359019645725281,0.44717299352100226
716,0.9996007779979721,0.3680263360583361,1.0,1.023417444261788,-1.3005068883406192
717,-0.9951699486783347,0.36966061587228544,1.0,2.457702908221535,0.304309342442975
718,1.001797953714833,0.36721860521782657,1.0,1.4326304069189637,-0.16603257787231027
719,0.9979940578046549,0.3686181266978275,1.0,-1.320841191783298,0.5515736062382584
720,0.9969889039127061,0.36898883091870466,1.0,-0.5196414266813305,-0.6962599402556657
721,-1.0004210687634358,0.36772457123778873,1.0,0.41817283043742964,0.5957974838491354
722,1.0125040874066873,0.36330808436808276,1.0,0.3022712526741246,-0.2772734836007753
723,1.0010470760716481,0.3674944450066511,1.0,0.44551031293430926,0.28049027906650825
724,-1.0017028263465908,0.36725353941888345,1.0,-0.11229922039851459,1.225948177201657
725,0.9961747591950386,0.3692893635482016,1.0,-0.8879639394350488,0.31708708342893377
726,0.9995364110337491,0.3680500255587447,1.0,0.09076458270340115,-1.4150737530451356
727,-1.005108176136073,0.3660050396514559,1.0,-0.2357280868117734,-0.01923400518646487
728,0.990051563950908,0.3715575315537645,1.0,-1.1438011050851378,0.6275503120281914
729,0.9997963866933357,0.3679543539472732,1.0,-1.2102938139695505,0.2843548789498953
730,0.9935385316328923,0.3702641786995241,1.0,-0.6324183105725141,0.46297112771514937
731,1.0031668598473957,0.3667162613264149,1.0,-0.5246863924493235,1.4463963944994704
732,0.9898073266590238,0.3716482908420005,1.0,0.6873001513843914,0.49237187486409745
733,-1.0004150817220967,0.3677267728265886,1.0,1.3487946289486152,-0.009739496266243916
734,1.0010520082739365,0.36749263245417846,1.0,1.16705290381117,0.1431096786280772
735,1.0015452792237507,0.36731140371542875,1.0,0.49255202927340846,0.369778552263617
736,-1.0011125335903697,0.36747039051941915,1.0,0.5650150143701749,0.034858858382510884
737,1.0053454453868718,0.365918208211532,1.0,0.06645305195361476,-0.06034796998738311
738,0.9983854439234213,0.3684738829092619,1.0,1.2491042999590223,-1.0230936467312646
739,-1.0057291336475642,0.3657778366218552,1.0,-1.0336627073321734,0.37706795663230996
740,-0.9952097732692169,0.3696458945826297,1.0,-0.23246455662311127,0.18634622647077367
741,1.000342011623392,0.36775364363988994,1.0,1.6827708391136889,-1.129151110357977
742,0.9966654480947805,0.3691082018073783,1.0,0.2578437261229543,-0.5028924527642251
743,-0.9979084963661076,0.36864966754434325,1.0,-1.1498436799068668,-0.11384717939623648
744,1.0003440039905642,0.3677529109403328,1.0,-0.056583897818870764,0.2329527355223217
745,1.0003213424542303,0.3677612448807156,1.0,-0.5688052235701405,-0.8755076770178688
746,-0.9995691299258468,0.36803798356667333,1.0,0.880195677547408,0.3895083752079221
747,1.0005291468611586,0.36768483041323846,1.0,1.3692903022962,-0.5417736982352535
748,-1.0053907653084786,0.36590162520279446,1.0,0.6672410309716511,0.4930056639235865
749,-1.0050106697969403,0.3660407292029269,1.0,0.5386167517034172,0.64175274515795
750,-0.9986248787379527,0.36838566799473016,1.0,-0.6229197397431059,-1.1338017745328675
751,1.000807654478281,0.36758244164595566,1.0,-1.350859062060811,1.3876932279351222
752,-1.0103614127054776,0.36408736998885033,1.0,-1.0877293548074531,0.9748428058947524
753,-1.0037283116407125,0.36651042561267716,1.0,-2.678664615580087,0.48921721569503795
754,0.9940814160021872,0.37006322261729185,1.0,1.7579812538967194,-1.3012396091162701
755,-1.00717017397193,0.36525111561377893,1.0,-0.8773968855703195,-0.09553135795561082
756,0.9998614635426158,0.3679304094163652,1.0,0.8610717718631898,0.4116487785330828
757,1.0071138977370142,0.3652716711497531,1.0,-0.7057832923108454,-0.4572935650927002
758,1.0020102759853209,0.36714064480645997,1.0,-0.2792304666529048,1.3413561215606948
759,-0.9873842923468898,0.37254989927572313,1.0,1.4055681484510367,1.7520525184709257
760,1.0072623824463756,0.365217437918327,1.0,0.47594801030964407,0.5361834489600155
761,1.001413324412103,0.3673598754204891,1.0,-0.6075188407764854,-1.5203175280052288
762,0.9927242205971214,0.370565811701263,1.0,0.9756822645098224,0.4879058410537764
763,-1.0060093879760834,0.3656753401630745,1.0,0.12746156703651715,0.4758755824728194
764,1.0019367648594726,0.3671676347206217,1.0,0.3067734509411649,1.6188656374620787
765,1.0025912860283628,0.36692739436094274,1.0,0.5666224236327239,-0.460221082230758
766,-0.9941915481045129,0.3700224690207724,1.0,1.4699872469358835,0.8358284111064498
767,-1.0084706690525627,0.36477641707319036,1.0,1.2382890608499622,-0.5620098844604455
768,1.0035276660786074,0.36658397168114093,1.0,0.1402421068398514,0.681841820620048
769,1.0079379747171107,0.36497078316853454,1.0,0.8123706850560968,-0.6512469239499551
770,-0.9997182761104397,0.36798309619886155,1.0,-2.164751972402625,-0.826677517223773
771,0.9923183652772309,0.3707162383309706,1.0,0.21631394396577122,0.3929040316124027
772,-1.0057806785076486,0.36575898314034877,1.0,-2.051672755387794,0.07955532338307533
773,1.0056453621226285,0.36580847967250635,1.0,0.630999760191692,0.2561746464603646
774,-0.998759211820475,0.3683361849360717,1.0,0.987593860896105,-0.05618549400409745
775,0.9997396842450047,0.36797521845154474,1.0,-0.8219576250388312,-0.8677131062158502
776,1.0014072143868005,0.3673621200054803,1.0,0.1597357298585652,-0.09327536298257658
777,-0.997225671085039,0.36890147681828533,1.0,-0.9048701938871291,1.1638667727689054
778,-1.0009464418337466,0.3675314293909739,1.0,2.064547439836841,1.6145196348978295
779,-1.0047687193346264,0.36612930364146434,1.0,0.06069850721735187,0.9401267195638201
780,0.9903259068727335,0.3714556113561134,1.0,0.31975947215501205,1.525153336551644
781,1.0011583711658905,0.36745354695367916,1.0,-0.6665557789949221,1.327808825876484
782,0.9973375693932115,0.36886019967661127,1.0,-1.9609357035861563,-0.3161643232070969
783,0.9971060996914058,0.36894558951923784,1.0,2.4187908736277612,-1.1198879931040173
784,1.003346282149405,0.36665047015300184,1.0,1.6067632969801395,2.0067932577105037
785,-0.9981446979392149,0.36856260219583475,1.0,1.8503090331986747,-0.46963151868830344
786,1.0001889153103793,0.36780994967684155,1.0,-0.4864944573064892,1.2078231435423679
787,0.9920466001060815,0.37081699978403515,1.0,-0.25003870291134517,0.7002077470990681
788,-0.9965129616968821,0.36916449007899554,1.0,-0.4148681967673327,0.44805582123810783
789,1.0056617333822317,0.3658024909759419,1.0,0.07936375351467825,-0.6741234407538218
790,0.9966111389026908,0.36912824831996216,1.0,0.5552568585240083,0.6123467047892257
791,0.9983114698266654,0.3685011414401284,1.0,-1.8604623752083114,-0.025110109312634903
792,-1.0013568680184581,0.36738061581968373,1.0,-0.8643517892976995,0.6952674826875282
793,0.9958132091469344,0.3694229042747302,1.0,-0.2742000727636491,1.2540181815562588
794,0.9968840002328678,0.3690275412352791,1.0,-0.7393624677586573,0.9269178898692934
795,-0.9970983581118766,0.36894844575191693,1.0,-2.2454743685842105,0.37976046452480167
796,1.0140468923731427,0.36274800301041077,1.0,1.1904938698961418,-0.19083943358046707
797,1.0024619364951768,0.3669748593178353,1.0,-0.9689100527239931,-0.28758728624679064
798,-1.000094142887042,0.36784480956895216,1.0,-0.34567728310722423,-0.02517548501943468
799,1.006486275893323,0.3655009955864334,1.0,-1.3258664754049696,1.3240727129611305
800,0.9938822179087813,0.3701369458481966,1.0,-0.5654936037808731,1.386035429772153
801,1.0128295849234998,0.3631898477326926,1.0,-0.21562508484137646,-0.755563896350236
802,1.000322462627885,0.3677608329244886,1.0,1.8348415405013463,0.6109764397679663
803,1.0068368578977984,0.36537287997358936,1.0,0.7546427005429868,1.6899049047843098
804,-1.0065214840976011,0.36548812717925505,1.0,1.4612928392118258,1.1983084485223903
805,0.9982332130191702,0.36852998029141937,1.0,0.65933535890058,1.3537379850435078
806,-1.0040809876462415,0.36638118897045824,1.0,0.1175613541934402,-0.8208249267240016
807,1.0017370769959333,0.3672409609620964,1.0,0.41693510786944427,-0.28757032870626975
808,0.9909452700370287,0.3712256166657406,1.0,0.6636335732232889,-0.01072400369154923
809,0.9992307804605783,0.3681625300905483,1.0,0.958619746527549,-1.305147860792827
810,0.9973121204657497,0.3688695868925232,1.0,0.19491350315485595,-0.6269546893962419
811,-1.0031131263646476,0.3667359667977334,1.0,0.6138206734590678,-0.009995575663999723
812,1.0070071083218823,0.3653106803807289,1.0,0.9944308223016666,-0.4687139706857068
813,-0.9842625710134444,0.37371471341069246,1.0,-0.13338497520477646,-2.3235722618197387
814,-0.9895111267558087,0.3717583893345545,1.0,2.004590558432618,-0.8668606352922134
815,1.0029532147545808,0.36679461682593867,1.0,-1.6169957192365865,0.8768996598478332
816,-1.0076027799292306,0.36509313997831794,1.0,-0.3257440438312512,-1.0518803555695162
817,-0.9972828616712548,0.36888037972985344,1.0,-2.148031969835315,1.476020067072617
818,-0.9954445786517269,0.36955910992610996,1.0,-0.4248411278147331,0.5548847570790642
819,-1.0059102624144869,0.36571158973313,1.0,0.6792563950635181,1.5883284992664422
820,-0.9942409256548064,0.37000419866877493,1.0,-0.8683826127013821,0.7137369788546977
821,-0.9979290310182583,0.3686420975293789,1.0,-0.14639631977948056,2.4146875984303247
822,-0.9944056015040768,0.36994327292976215,1.0,0.16691854214454044,0.36144685488148065
823,0.9878171672960699,0.3723886666563057,1.0,-0.10915992699327239,0.4562956311918027
824,1.0004269823276906,0.3677223966813383,1.0,0.5109584586344028,-0.640689964716207
825,-1.0047148207486034,0.36614903802505516,1.0,0.8123401296381036,-1.492156628378448
826,1.0137755138776374,0.3628464583764456,1.0,0.13246911589666213,-2.7261380132123487
827,-0.9990230934125358,0.36823900062031706,1.0,-0.2191951134414824,-0.7345449140310161
828,1.0074363973666245,0.3651538901642831,1.0,-0.6621505600639666,-0.08347699657871266
829,1.0043389001581733,0.366286706862269,1.0,-0.94831646647175,0.08495831747789313
830,1.0008803030674547,0.3675557382701581,1.0,-0.011851756583398685,-0.7665478905592206
831,-1.0025842026880114,0.3669299934417663,1.0,0.571937905057014,0.3677972191092689
832,0.9972598586813084,0.36888886517911473,1.0,0.5244416319315438,1.5926261962984023
833,0.9994007138785566,0.36809997228891955,1.0,-0.8769225308848272,-0.35606197265310213
834,-1.0006218089558334,0.3676507615451429,1.0,-0.8130849491595667,0.18402742744585276
835,0.9901915671599463,0.3715055159482654,1.0,0.8904176255000633,2.8131765725611624
836,-1.0085407344323933,0.36475085977032634,1.0,-0.4788039605232121,1.4843271608635937
837,-0.9911921945262104,0.37113396328617193,1.0,-0.6501689254790924,1.045241083740934
838,1.0052922271527818,0.3659376822505767,1.0,-0.31291348446066297,-0.8750854830269241
839,1.0050623450776457,0.36602181443421294,1.0,-0.01639209242751855,1.1447203239799466
840,-1.0002775885270299,0.36777733623147857,1.0,-0.3031283552674945,0.47205867963197207
841,0.999015570715803,0.36824177078106346,1.0,-0.5255893286541428,-0.11859597630350069
842,0.9962959947273471,0.36924459526944386,1.0,-0.5964748527169439,0.18489638581114487
843,1.0017885211159205,0.36722206905997923,1.0,-0.2870943013663281,-0.6171084938533254
844,1.0035002208260273,0.3665940328089,1.0,-0.5367822604537623,-2.0452102732809783
845,-1.002219599418157,0.3670638017091664,1.0,-1.2601836727549545,-0.5096084355920675
846,1.0010045648861483,0.3675100679632458,1.0,-1.19666390446541,0.9848645213095524
847,-1.0051849885034552,0.36597692701759926,1.0,-0.8768541398247244,0.3852489367516933
848,0.9925821085946266,0.37061847729293773,1.0,-0.8457411122757177,1.0898949949463377
849,0.9995722263610285,0.36803684396267716,1.0,3.373231924496975,0.16657773312154647
850,1.0165316165098286,0.3618477931415378,1.0,2.9400300237649497,-0.24795070786219134
851,-0.9941517762362909,0.3700371857983044,1.0,0.39909893965993204,0.8657487727387742
852,0.9973909040190867,0.36884052718047855,1.0,-0.009483374480409208,0.9652671773060374
853,0.9994916607192676,0.36806649628166566,1.0,-1.5035830226329376,-1.4639140748478887
854,-1.006112857610916,0.3656375058265468,1.0,-0.5865743676071022,1.8593921499681592
855,-1.002326742639447,0.3670244754178427,1.0,0.016739638979394334,-1.3657656599025672
856,1.0097784088098638,0.36429969623139685,1.0,-1.4512724989091985,-0.8067694883850873
857,-1.0007310928224395,0.36761058544370045,1.0,0.7419209065341231,0.6985017191092578
858,1.0034077416280611,0.3666279366987115,1.0,-0.3616975469940125,-0.7659213836329051
859,-1.0039811269030818,0.36641777789513674,1.0,-0.6873972992249503,-0.3422513148253059
860,0.9948665259252599,0.3697727963322481,1.0,-0.20430292525912397,-0.8848309842263203
861,-1.007106125515199,0.36527451013323675,1.0,0.7129505044467312,-1.3375149229058867
862,0.997909654996139,0.3686492404160148,1.0,0.4858907454622934,1.1512230525380227
863,1.004012015996887,0.3664064597568279,1.0,1.0951842334009663,-1.319374607386921
864,0.9925297266057271,0.37063789153437504,1.0,-0.6796537908332966,1.8112430781072197
865,-1.0050993118063247,0.36600828405519664,1.0,1.3951653171401266,1.5415908915756802
866,-0.9992023308377801,0.3681730043246511,1.0,-0.3183633693342135,0.056887019005257625
867,1.0008633407723952,0.36756197291191817,1.0,1.3245600424046455,-0.7799603400292795
868,0.9989728761951095,0.3682574930225907,1.0,-0.48089049722530613,-1.1663182127821048
869,-0.9939087045697602,0.37012714228622856,1.0,1.3450781610326559,-0.8238921828465465
870,0.9914302366937967,0.3710456282672332,1.0,0.3375481090288101,1.0889391788605436
871,-1.0025204219223343,0.36695339726404685,1.0,-1.327610414447116,-0.39422803443140886
872,1.0018018613998132,0.3672171702460022,1.0,-0.38133596915770085,-0.019512882699971312
873,-1.0013635644028862,0.36737815570608573,1.0,1.9015784409549834,0.7726038463909041
874,0.9918964600626693,0.3708726784441743,1.0,-0.5527652114208763,-0.7921878528182664
875,1.0020830663263671,0.36711392148632416,1.0,0.7241589013909256,-0.3878479927270871
876,-0.9952892361315134,0.3696165226288152,1.0,-1.608409478189893,0.14939047467072444
877,-0.999384219013154,0.36810604409849385,1.0,1.9218501931305259,0.15203189392526598
878,-0.9970024693452362,0.36898382545956515,1.0,0.4142754473139059,-0.8718440895614366
879,0.9990875927505467,0.36821525021449825,1.0,0.4697251123849023,-0.4799098348425383
880,-0.9961978284156804,0.36928084442865833,1.0,1.0059278446098987,0.521522000668577
881,-0.9954755530719511,0.3695476632242198,1.0,-0.29353739869958595,0.32055816797256503
882,-0.9973363603120047,0.36886064565881627,1.0,0.5491411777067345,1.54683553805833
883,-1.0080907150784406,0.36491504165633626,1.0,-0.26586800417598994,0.19417943399356014
884,-1.0049079388723117,0.3660783348370874,1.0,1.1091325742207783,-0.09481366571473263
885,1.0040040521839348,0.36640937776095706,1.0,0.021847615838352638,0.47887802568427834
886,-1.0033890973595003,0.36663477227214714,1.0,0.37037277085459025,-1.2829623192986843
887,-0.9983348687772231,0.3684925190010178,1.0,0.81072564472325,1.2297392036233632
888,1.006289639336452,0.3655728735104206,1.0,-2.0220568585817174,0.4388916702740863
889,1.004670510698865,0.366165262466592,1.0,-2.127420164906724,0.3700505082130504
890,1.0006068315734018,0.3676562680324362,1.0,0.06051739352763666,0.6898247654752657
891,-1.0038629502870522,0.366461082466925,1.0,-0.3133764354287716,4.920491152822628
892,-0.9940916869523282,0.3700594217359027,1.0,-0.1267128700282016,-1.1454280158867727
893,-1.001912432989078,0.36717656870461257,1.0,1.7758160955605866,-1.645969862554986
894,-0.9947837208756031,0.3698034166547513,1.0,-0.5018770563247524,1.1550432459441848
895,1.0004843983575007,0.367701284127354,1.0,-1.3870316216388436,0.4054038677096637
896,-1.0057648098422578,0.36576478729331785,1.0,0.1929400629030115,1.5884570062758039
897,-1.004901059086742,0.3660808533861963,1.0,-0.4887265812551902,1.3542410466706174
898,1.0065973431212545,0.36546040265836116,1.0,-0.34792744513456897,-0.2071453833095418
899,-0.9946076464698301,0.3698685353042871,1.0,0.271537609105376,0.10039284098701941
900,0.9925950736931309,0.3706136722190213,1.0,-2.218404793856537,1.4113005144619162
901,-1.002320122253452,0.3670269052695829,1.0,0.9861470629707352,0.9236530806061358
902,0.9915746879661291,0.3709920341251008,1.0,-1.3718237716853299,1.50082167487151
903,1.0016152261197104,0.3672857123214154,1.0,0.5967163881695416,-0.8439692501159057
904,0.9906265251345051,0.37134396179869095,1.0,0.5971853664660726,-1.1427165689258976
905,-1.0025843298915316,0.3669299467669825,1.0,1.3364881841753924,1.000408617162585
906,-1.0079189802140904,0.3649777156730173,1.0,0.24698111530349912,1.5052869110874298
907,0.9969418139399225,0.36900620700182646,1.0,-0.5475910583733883,0.3157766536853102
908,0.9957727924917411,0.36943783541460407,1.0,-0.378791730213374,0.29470344933982023
909,0.9983248325499823,0.3684962172942335,1.0,-0.6075047555645738,0.5453931460450676
910,-0.9939930913082172,0.3700959097816997,1.0,0.5696496014873622,4.1280827406582326
911,0.9973500235343338,0.3688556058682361,1.0,-0.6973989054350779,2.118913425647209
912,0.9964615940352275,0.3691834536826706,1.0,-0.8647841043573562,-1.494043528403068
913,-0.9971603365694548,0.36892557960493494,1.0,-1.8946320319352576,-1.3587538543718947
914,1.0046465308788666,0.36617404314895474,1.0,0.7056321278668736,0.4557363928401649
915,-0.9887026898122748,0.37205905406842493,1.0,1.4828385554032397,-0.37803997130699646
916,0.9951033012022327,0.3696852536403611,1.0,-0.6176559692136677,0.2927658326279803
917,0.9952977709954987,0.36961336801553,1.0,0.23216702706301567,0.41814689383083686
918,-0.993032141852432,0.37045172417723704,1.0,1.3930662566641996,0.22560427875590686
919,0.9958599116496004,0.36940565170343065,1.0,-1.6712494790691839,-0.5336813275565765
920,-0.9983350609998977,0.3684924481684071,1.0,0.09875763877915125,1.997337793258224
921,1.001490414168217,0.36733155682883756,1.0,0.07388885836995547,0.12255053286596708
922,-1.0011932522270242,0.3674407300075797,1.0,-1.5608341614064394,-1.362728918834717
923,-1.0111231727190113,0.3638101283981455,1.0,-1.227312137386973,0.39978942133283496
924,-1.0044188909285041,0.3662574084782409,1.0,-1.2262055252067938,0.49244133022165143
925,0.999989875521096,0.3678831657779385,1.0,0.9343147824174063,0.5217860807512126
926,1.0121796260274283,0.36342598293596445,1.0,0.27957126431874885,2.4022386242900766
927,-1.001049481435426,0.3674935610498877,1.0,-0.7636202784685118,-0.510030978268869
928,-1.0027970313710306,0.3668519085241517,1.0,0.9901305916305355,-0.297385848842575
929,-0.9924634109876869,0.3706624714302278,1.0,0.3909306468112903,0.5617685652095241
930,-1.0011915494621937,0.3674413556732647,1.0,1.2306902382155218,-0.9617234447389662
931,1.0007227971744366,0.36761363502436856,1.0,-0.6939178219604923,0.008506793461762824
932,1.0026530468771075,0.36690473331342927,1.0,-2.312162902826108,1.1771540832846021
933,1.0078076313145594,0.36501835780269704,1.0,-0.39004930453514264,-0.7306135288081621
934,-1.0002149961450622,0.36780035701144226,1.0,-0.33413806647529737,0.6239271126556218
935,0.9879285156334944,0.3723472041058337,1.0,2.04700176421257,1.5754639355747482
936,-0.9957941938102987,0.36942992904240485,1.0,-2.862446365136477,0.3340759905070571
937,1.0051904247242602,0.36597493749162224,1.0,-0.457427468940242,-0.7812668181281491
938,0.9987060338781079,0.368355772817303,1.0,-0.08904939994750684,-0.03476966754151868
939,-1.0069657287943714,0.36532579707683643,1.0,0.7757191575718261,0.03974449400463789
940,0.9987132537153731,0.36835311335816795,1.0,-0.4106503164122738,1.8245623635618182
941,-0.9976529722008413,0.36874387847899087,1.0,-0.054898707336983064,-0.6803139913466251
942,-1.0126974319903572,0.36323784750794375,1.0,-0.7382594100620269,0.4064317089519148
943,0.9956210105999005,0.36949391364390305,1.0,-0.45264740812548654,-2.289863666084033
944,-1.0024625187884875,0.36697464563089177,1.0,0.7638610345143841,0.8563144839677526
945,-1.0010016713251448,0.3675111313775854,1.0,-2.035212431200481,0.6874282474175063
946,0.9961712737831024,0.3692906506760003,1.0,0.5804376148504289,1.0925675021447563
947,-0.9995241576384736,0.3680545354488198,1.0,0.37425407898986573,0.33793930248448256
948,-1.0013011467649338,0.3674010872984607,1.0,-3.3990898313546407,0.13525162657649598
949,1.0053406936012241,0.3659199469805531,1.0,-1.8712739296069139,-0.12146320708471318
950,-0.996532529663658,0.36915726635119583,1.0,-0.18296553051978953,0.6658172198731327
951,1.005420292106434,0.36589082145893637,1.0,1.4886192549421953,-0.7698248609469315
952,-0.9976469257131355,0.3687461080910593,1.0,-0.0826404374349639,1.6212054034246595
953,-1.0024156163593678,0.3669918580368458,1.0,1.6390494450832265,0.5079200897280728
954,-0.9974996255825495,0.3688004284415334,1.0,0.799655499369696,-1.4031209218673188
955,0.9942021974954312,0.37001852852783323,1.0,1.063276842203254,0.15545234166665733
956,-0.9931154708041662,0.370420856109513,1.0,0.9046138512810414,-0.2265911727564592
957,0.999504405348472,0.3680618054405396,1.0,0.14597157398037156,-0.6920558691391148
958,0.9995421894068128,0.3680478988345355,1.0,-2.5440576658766334,0.2412776794334214
959,-0.9986047927571897,0.3683930674564833,1.0,-0.974442985064217,-0.47308102644793953
960,-0.9902150776834914,0.3714967817617586,1.0,0.3887998199957967,0.6579175084078395
961,-1.000919486549584,0.3675413364386148,1.0,-1.7682969595844589,0.4187443465648972
962,-0.9921489837158713,0.3707790361444862,1.0,0.134062319262161,0.2522777864382507
963,1.001374196127349,0.36737424986352357,1.0,0.565545516111889,0.8728115442788448
964,-0.9911150846229535,0.37116258249357426,1.0,1.0623415300037984,0.5901811063212394
965,-1.0013231565031337,0.367393000985704,1.0,0.16471208057504755,-0.588629840149746
966,0.9964828497362817,0.36917560651294384,1.0,-0.6825995549992491,-1.9170691513892029
967,-0.9966285577722543,0.36912181857915205,1.0,0.346823374201719,-0.12462959471437794
968,0.9978572238880121,0.3686685696109211,1.0,-0.34136640206391405,1.155840675326369
969,-0.9969862093151759,0.3689898251964367,1.0,0.2323926672395008,-0.12253402794154421
970,-0.9928670384623158,0.3705128920621467,1.0,-1.270630359155989,3.300947314390714
971,-1.0019452381453442,0.36716452361747054,1.0,0.5089619562617789,1.950933617608857
972,0.9993498471901715,0.3681186967917272,1.0,2.3108396391517365,1.3254786204456863
973,1.003401732679113,0.36663013975388514,1.0,-0.2838358067429982,-0.5088989026802558
974,-1.0011340989197024,0.3674624659848755,1.0,-1.8910254513225229,0.44093089382766404
975,0.9961447498814234,0.36930044583481214,1.0,1.0081783234237474,-1.1123759481711657
976,-0.9977653113936565,0.36870245641603105,1.0,0.2650432725411239,0.8430783408189984
977,0.999243695653028,0.3681577752313245,1.0,-0.35262591836369434,-1.1106800102163783
978,1.0023797844659648,0.3670050082855805,1.0,0.8737032319720481,0.20080636492921855
979,0.9939301450821344,0.3701192066557266,1.0,-0.3277430396696362,-1.1313511820754176
980,1.0025563876498629,0.3669401997554756,1.0,-0.7406096186455214,-2.0882785142592106
981,1.002383880622694,0.3670035049786251,1.0,1.584582619978809,-0.3626737439614795
982,-0.9914995445720739,0.37101991277314744,1.0,0.3890833419448617,0.5056434977248967
983,-1.001310776794549,0.3673975492321452,1.0,-0.3293334593252558,0.03881341377313551
984,0.9957390590502613,0.3694502980344078,1.0,0.1557078950041304,-0.6865075191723361
985,-1.007822962612638,0.3650127616403477,1.0,0.8857102202109938,0.31813935598525617
986,-1.002517140792765,0.3669546012876644,1.0,-1.578534735163367,0.4281827245651177
987,-0.9958105073511913,0.36942390238130873,1.0,0.8286508951916326,-1.5899180914281819
988,-1.0004715018853443,0.3677060262073046,1.0,-2.3386865548460105,-0.004680562460740994
989,-1.0003867585436104,0.36773718816510664,1.0,0.3526885938782692,-0.060406672601453645
990,-0.9940817527730196,0.37006309799081333,1.0,-0.8414295799274086,-0.9893731402464718
991,-1.002325474520986,0.3670249408486508,1.0,1.5454312699307011,0.370325291452213
992,-1.0010517650470228,0.36749272183828813,1.0,2.1259617015276753,1.7420196835220632
993,-1.0010363947187055,0.3674983703654867,1.0,0.591708923206369,0.8042194084677676
994,-1.0121075649569702,0.3634521727449486,1.0,-1.0852330778279977,0.2545154974778163
995,0.9991249770262499,0.3682014850113688,1.0,-0.6840681764459,1.0311292032292194
996,-0.9915613010063719,0.37099700061377494,1.0,1.1862160427225876,1.3066136842814926
997,1.000990168806848,0.36751535870541074,1.0,-0.028713607490767235,-0.8832230003057381
998,1.0050047355623084,0.366042901380944,1.0,1.2919430207126819,0.01764292047506167
999,0.9964244528781716,0.36919716583794737,1.0,-0.22796544158302195,-2.7516766854223005
